date,is_event,type,alpha_bp,info_mult,jump2y,jump5y,jump10y,jump30y,alpha2y,alpha5y,alpha10y,alpha30y,cftc_lev_z,sofr_effr_z,sofr_p99_z
2015-01-02,0,,0.0,1.0,,,,,,,,,,,
2015-01-05,0,,0.0,1.0,,,,,,,,,,,
2015-01-06,0,,0.0,1.0,,,,,,,,,,,
2015-01-07,0,,0.0,1.0,,,,,,,,,,,
2015-01-08,0,,0.0,1.0,,,,,,,,,,,
2015-01-09,0,,0.0,1.0,,,,,,,,,,,
2015-01-12,0,,0.0,1.0,,,,,,,,,,,
2015-01-13,1,AUCTION,0.0,1.5,,,,,,,,,,,
2015-01-14,1,AUCTION,0.0,1.5,,,,,,,,,,,
2015-01-15,0,,0.0,1.0,,,,,,,,,,,
2015-01-16,0,,0.0,1.0,,,,,,,,,,,
2015-01-20,0,,0.0,1.0,,,,,,,,,,,
2015-01-21,0,,0.0,1.0,,,,,,,,,,,
2015-01-22,1,AUCTION,0.0,1.5,,,,,,,,,,,
2015-01-23,0,,0.0,1.0,,,,,,,,,,,
2015-01-26,0,,0.0,1.0,,,,,,,,,,,
2015-01-27,0,,0.0,1.0,,,,,,,,,,,
2015-01-28,0,,0.0,1.0,,,,,,,,,,,
2015-01-29,0,,0.0,1.0,,,,,,,,,,,
2015-01-30,0,,0.0,1.0,,,,,,,,,,,
2015-02-02,0,,0.0,1.0,,,,,,,,,,,
2015-02-03,0,,0.0,1.0,,,,,,,,,,,
2015-02-04,0,,0.0,1.0,,,,,,,,,,,
2015-02-05,0,,0.0,1.0,,,,,,,,,,,
2015-02-06,1,NFP,0.0,2.5,,,,,,,,,,,
2015-02-09,0,,0.0,1.0,,,,,,,,,,,
2015-02-10,0,,0.0,1.0,,,,,,,,,,,
2015-02-11,1,AUCTION,0.0,1.5,,,,,,,,,,,
2015-02-12,1,AUCTION,0.0,1.5,,,,,,,,,,,
2015-02-13,0,,0.0,1.0,,,,,,,,,,,
2015-02-17,0,,0.0,1.0,,,,,,,,,,,
2015-02-18,0,,0.0,1.0,,,,,,,,,,,
2015-02-19,1,AUCTION,0.0,1.5,,,,,,,,,,,
2015-02-20,0,,0.0,1.0,,,,,,,,,,,
2015-02-23,0,,0.0,1.0,,,,,,,,,,,
2015-02-24,0,,0.0,1.0,,,,,,,,,,,
2015-02-25,0,,0.0,1.0,,,,,,,,,,,
2015-02-26,0,,0.0,1.0,,,,,,,,,,,
2015-02-27,0,,0.0,1.0,,,,,,,,,,,
2015-03-02,0,,0.0,1.0,,,,,,,,,,,
2015-03-03,0,,0.0,1.0,,,,,,,,,,,
2015-03-04,0,,0.0,1.0,,,,,,,,,,,
2015-03-05,1,ECB,-0.078,4.66,,,,,-0.338,-0.396,-0.078,0.227,,,
2015-03-06,1,NFP,0.0,2.5,,,,,,,,,,,
2015-03-09,0,,0.0,1.0,,,,,,,,,,,
2015-03-10,0,,0.0,1.0,,,,,,,,,,,
2015-03-11,1,AUCTION,0.0,1.5,,,,,,,,,,,
2015-03-12,1,AUCTION,0.0,1.5,,,,,,,,,,,
2015-03-13,0,,0.0,1.0,,,,,,,,,,,
2015-03-16,0,,0.0,1.0,,,,,,,,,,,
2015-03-17,0,,0.0,1.0,,,,,,,,,,,
2015-03-18,1,FOMC,0.222,4.572,-7.29,-8.25,-5.77,-3.96,0.129,0.093,0.222,0.280,,,
2015-03-19,1,AUCTION,0.0,1.5,,,,,,,,,,,
2015-03-20,0,,0.0,1.0,,,,,,,,,,,
2015-03-23,0,,0.0,1.0,,,,,,,,,,,
2015-03-24,0,,0.0,1.0,,,,,,,,,,,
2015-03-25,0,,0.0,1.0,,,,,,,,,,,
2015-03-26,0,,0.0,1.0,,,,,,,,,,,
2015-03-27,0,,0.0,1.0,,,,,,,,,,,
2015-03-30,0,,0.0,1.0,,,,,,,,,,,
2015-03-31,0,,0.0,1.0,,,,,,,,,,,
2015-04-01,0,,0.0,1.0,,,,,,,,,,,
2015-04-02,0,,0.0,1.0,,,,,,,,,,,
2015-04-03,1,NFP,0.0,2.5,,,,,,,,,,,
2015-04-06,0,,0.0,1.0,,,,,,,,,,,
2015-04-07,0,,0.0,1.0,,,,,,,,,,,
2015-04-08,1,AUCTION,0.0,1.5,,,,,,,,,,,
2015-04-09,1,AUCTION,0.0,1.5,,,,,,,,,,,
2015-04-10,0,,0.0,1.0,,,,,,,,,,,
2015-04-13,0,,0.0,1.0,,,,,,,,,,,
2015-04-14,0,,0.0,1.0,,,,,,,,,,,
2015-04-15,1,ECB,0.326,4.609,,,,,0.335,0.301,0.326,0.262,,,
2015-04-16,0,,0.0,1.0,,,,,,,,,,,
2015-04-17,0,,0.0,1.0,,,,,,,,,,,
2015-04-20,0,,0.0,1.0,,,,,,,,,,,
2015-04-21,0,,0.0,1.0,,,,,,,,,,,
2015-04-22,0,,0.0,1.0,,,,,,,,,,,
2015-04-23,0,,0.0,1.0,,,,,,,,,,,
2015-04-24,0,,0.0,1.0,,,,,,,,,,,
2015-04-27,0,,0.0,1.0,,,,,,,,,,,
2015-04-28,0,,0.0,1.0,,,,,,,,,,,
2015-04-29,1,FOMC,-0.993,4.364,0.00,-0.32,-0.18,-0.24,-1.794,-1.961,-0.993,0.122,,,
2015-04-30,0,,0.0,1.0,,,,,,,,,,,
2015-05-01,0,,0.0,1.0,,,,,,,,,,,
2015-05-04,0,,0.0,1.0,,,,,,,,,,,
2015-05-05,0,,0.0,1.0,,,,,,,,,,,
2015-05-06,0,,0.0,1.0,,,,,,,,,,,
2015-05-07,0,,0.0,1.0,,,,,,,,,,,
2015-05-08,1,NFP,0.0,2.5,,,,,,,,,,,
2015-05-11,0,,0.0,1.0,,,,,,,,,,,
2015-05-12,0,,0.0,1.0,,,,,,,,,,,
2015-05-13,1,AUCTION,0.0,1.5,,,,,,,,,,,
2015-05-14,1,AUCTION,0.0,1.5,,,,,,,,,,,
2015-05-15,0,,0.0,1.0,,,,,,,,,,,
2015-05-18,0,,0.0,1.0,,,,,,,,,,,
2015-05-19,0,,0.0,1.0,,,,,,,,,,,
2015-05-20,0,,0.0,1.0,,,,,,,,,,,
2015-05-21,1,AUCTION,0.0,1.5,,,,,,,,,,,
2015-05-22,0,,0.0,1.0,,,,,,,,,-0.853,,
2015-05-26,0,,0.0,1.0,,,,,,,,,-0.853,,
2015-05-27,0,,0.0,1.0,,,,,,,,,-0.853,,
2015-05-28,0,,0.0,1.0,,,,,,,,,-0.853,,
2015-05-29,0,,0.0,1.0,,,,,,,,,-0.778,,
2015-06-01,0,,0.0,1.0,,,,,,,,,-0.778,,
2015-06-02,0,,0.0,1.0,,,,,,,,,-0.778,,
2015-06-03,1,ECB,-0.116,5.454,,,,,-0.306,-0.394,-0.116,0.163,-0.778,,
2015-06-04,0,,0.0,1.0,,,,,,,,,-0.778,,
2015-06-05,1,NFP,0.0,3.116,,,,,,,,,-0.985,,
2015-06-08,0,,0.0,1.0,,,,,,,,,-0.985,,
2015-06-09,0,,0.0,1.0,,,,,,,,,-0.985,,
2015-06-10,1,AUCTION,0.0,1.869,,,,,,,,,-0.985,,
2015-06-11,1,AUCTION,0.0,1.869,,,,,,,,,-0.985,,
2015-06-12,0,,0.0,1.0,,,,,,,,,0.198,,
2015-06-15,0,,0.0,1.0,,,,,,,,,0.198,,
2015-06-16,0,,0.0,1.0,,,,,,,,,0.198,,
2015-06-17,1,FOMC,0.576,4.728,-5.25,-6.97,-4.86,-3.19,0.678,0.691,0.576,0.325,0.198,,
2015-06-18,1,AUCTION,0.0,1.574,,,,,,,,,0.198,,
2015-06-19,0,,0.0,1.0,,,,,,,,,-0.976,,
2015-06-22,0,,0.0,1.0,,,,,,,,,-0.976,,
2015-06-23,0,,0.0,1.0,,,,,,,,,-0.976,,
2015-06-24,0,,0.0,1.0,,,,,,,,,-0.976,,
2015-06-25,0,,0.0,1.0,,,,,,,,,-0.976,,
2015-06-26,0,,0.0,1.0,,,,,,,,,-0.633,,
2015-06-29,0,,0.0,1.0,,,,,,,,,-0.633,,
2015-06-30,0,,0.0,1.0,,,,,,,,,-0.633,,
2015-07-01,0,,0.0,1.0,,,,,,,,,-0.633,,
2015-07-02,0,,0.0,1.0,,,,,,,,,-0.633,,
2015-07-06,0,,0.0,1.0,,,,,,,,,-0.95,,
2015-07-07,0,,0.0,1.0,,,,,,,,,-0.95,,
2015-07-08,1,AUCTION,0.0,1.856,,,,,,,,,-0.95,,
2015-07-09,1,AUCTION,0.0,1.856,,,,,,,,,-0.95,,
2015-07-10,0,,0.0,1.0,,,,,,,,,-1.399,,
2015-07-13,0,,0.0,1.0,,,,,,,,,-1.399,,
2015-07-14,0,,0.0,1.0,,,,,,,,,-1.399,,
2015-07-15,0,,0.0,1.0,,,,,,,,,-1.399,,
2015-07-16,1,ECB,0.972,6.016,,,,,1.271,1.315,0.972,0.385,-1.399,,
2015-07-17,0,,0.0,1.0,,,,,,,,,-1.276,,
2015-07-20,0,,0.0,1.0,,,,,,,,,-1.276,,
2015-07-21,0,,0.0,1.0,,,,,,,,,-1.276,,
2015-07-22,0,,0.0,1.0,,,,,,,,,-1.276,,
2015-07-23,1,AUCTION,0.0,1.978,,,,,,,,,-1.276,,
2015-07-24,0,,0.0,1.0,,,,,,,,,-1.01,,
2015-07-27,0,,0.0,1.0,,,,,,,,,-1.01,,
2015-07-28,0,,0.0,1.0,,,,,,,,,-1.01,,
2015-07-29,1,FOMC,0.406,5.653,-1.19,-1.66,-1.44,-0.96,0.423,0.408,0.406,0.285,-1.01,,
2015-07-30,0,,0.0,1.0,,,,,,,,,-1.01,,
2015-07-31,0,,0.0,1.0,,,,,,,,,-0.529,,
2015-08-03,0,,0.0,1.0,,,,,,,,,-0.529,,
2015-08-04,0,,0.0,1.0,,,,,,,,,-0.529,,
2015-08-05,0,,0.0,1.0,,,,,,,,,-0.529,,
2015-08-06,0,,0.0,1.0,,,,,,,,,-0.529,,
2015-08-07,1,NFP,0.0,3.493,,,,,,,,,-1.589,,
2015-08-10,0,,0.0,1.0,,,,,,,,,-1.589,,
2015-08-11,0,,0.0,1.0,,,,,,,,,-1.589,,
2015-08-12,1,AUCTION,0.0,2.096,,,,,,,,,-1.589,,
2015-08-13,1,AUCTION,0.0,2.096,,,,,,,,,-1.589,,
2015-08-14,0,,0.0,1.0,,,,,,,,,-1.091,,
2015-08-17,0,,0.0,1.0,,,,,,,,,-1.091,,
2015-08-18,0,,0.0,1.0,,,,,,,,,-1.091,,
2015-08-19,0,,0.0,1.0,,,,,,,,,-1.091,,
2015-08-20,0,,0.0,1.0,,,,,,,,,-1.091,,
2015-08-21,0,,0.0,1.0,,,,,,,,,-1.473,,
2015-08-24,0,,0.0,1.0,,,,,,,,,-1.473,,
2015-08-25,0,,0.0,1.0,,,,,,,,,-1.473,,
2015-08-26,0,,0.0,1.0,,,,,,,,,-1.473,,
2015-08-27,0,,0.0,1.0,,,,,,,,,-1.473,,
2015-08-28,0,,0.0,1.0,,,,,,,,,-1.108,,
2015-08-31,0,,0.0,1.0,,,,,,,,,-1.108,,
2015-09-01,0,,0.0,1.0,,,,,,,,,-1.108,,
2015-09-02,0,,0.0,1.0,,,,,,,,,-1.108,,
2015-09-03,1,ECB,-1.108,5.844,,,,,-2.031,-2.168,-1.108,0.154,-1.108,,
2015-09-04,1,NFP,0.0,3.176,,,,,,,,,-1.082,,
2015-09-08,0,,0.0,1.0,,,,,,,,,-1.082,,
2015-09-09,1,AUCTION,0.0,1.906,,,,,,,,,-1.082,,
2015-09-10,1,AUCTION,0.0,1.906,,,,,,,,,-1.082,,
2015-09-11,0,,0.0,1.0,,,,,,,,,-1.314,,
2015-09-14,0,,0.0,1.0,,,,,,,,,-1.314,,
2015-09-15,0,,0.0,1.0,,,,,,,,,-1.314,,
2015-09-16,0,,0.0,1.0,,,,,,,,,-1.314,,
2015-09-17,1,FOMC,0.205,6.108,-5.26,-5.13,-3.94,-1.64,0.108,0.064,0.205,0.263,-1.314,,
2015-09-18,1,AUCTION,0.0,2.042,,,,,,,,,-1.446,,
2015-09-21,0,,0.0,1.0,,,,,,,,,-1.446,,
2015-09-22,0,,0.0,1.0,,,,,,,,,-1.446,,
2015-09-23,0,,0.0,1.0,,,,,,,,,-1.446,,
2015-09-24,0,,0.0,1.0,,,,,,,,,-1.446,,
2015-09-25,0,,0.0,1.0,,,,,,,,,-0.826,,
2015-09-28,0,,0.0,1.0,,,,,,,,,-0.826,,
2015-09-29,0,,0.0,1.0,,,,,,,,,-0.826,,
2015-09-30,0,,0.0,1.0,,,,,,,,,-0.826,,
2015-10-01,0,,0.0,1.0,,,,,,,,,-0.826,,
2015-10-02,1,NFP,0.0,3.105,,,,,,,,,-0.968,,
2015-10-05,0,,0.0,1.0,,,,,,,,,-0.968,,
2015-10-06,0,,0.0,1.0,,,,,,,,,-0.968,,
2015-10-07,1,AUCTION,0.0,1.863,,,,,,,,,-0.968,,
2015-10-08,1,AUCTION,0.0,1.863,,,,,,,,,-0.968,,
2015-10-09,0,,0.0,1.0,,,,,,,,,-1.095,,
2015-10-13,0,,0.0,1.0,,,,,,,,,-1.095,,
2015-10-14,0,,0.0,1.0,,,,,,,,,-1.095,,
2015-10-15,0,,0.0,1.0,,,,,,,,,-1.095,,
2015-10-16,0,,0.0,1.0,,,,,,,,,-1.032,,
2015-10-19,0,,0.0,1.0,,,,,,,,,-1.032,,
2015-10-20,0,,0.0,1.0,,,,,,,,,-1.032,,
2015-10-21,0,,0.0,1.0,,,,,,,,,-1.032,,
2015-10-22,1,ECB,-0.552,5.813,,,,,-1.049,-1.197,-0.552,0.166,-1.032,,
2015-10-23,0,,0.0,1.0,,,,,,,,,-0.642,,
2015-10-26,0,,0.0,1.0,,,,,,,,,-0.642,,
2015-10-27,0,,0.0,1.0,,,,,,,,,-0.642,,
2015-10-28,1,FOMC,0.002,5.197,5.95,4.95,1.78,-1.10,-0.228,-0.282,0.002,0.239,-0.642,,
2015-10-29,0,,0.0,1.0,,,,,,,,,-0.642,,
2015-10-30,0,,0.0,1.0,,,,,,,,,0.339,,
2015-11-02,0,,0.0,1.0,,,,,,,,,0.339,,
2015-11-03,0,,0.0,1.0,,,,,,,,,0.339,,
2015-11-04,0,,0.0,1.0,,,,,,,,,0.339,,
2015-11-05,0,,0.0,1.0,,,,,,,,,0.339,,
2015-11-06,1,NFP,0.0,2.564,,,,,,,,,-0.102,,
2015-11-09,0,,0.0,1.0,,,,,,,,,-0.102,,
2015-11-10,1,AUCTION,0.0,1.538,,,,,,,,,-0.102,,
2015-11-12,1,AUCTION,0.0,1.538,,,,,,,,,-0.102,,
2015-11-13,0,,0.0,1.0,,,,,,,,,-0.102,,
2015-11-16,0,,0.0,1.0,,,,,,,,,0.538,,
2015-11-17,0,,0.0,1.0,,,,,,,,,0.538,,
2015-11-18,0,,0.0,1.0,,,,,,,,,0.538,,
2015-11-19,1,AUCTION,0.0,1.702,,,,,,,,,0.538,,
2015-11-20,0,,0.0,1.0,,,,,,,,,-0.118,,
2015-11-23,0,,0.0,1.0,,,,,,,,,-0.118,,
2015-11-24,0,,0.0,1.0,,,,,,,,,-0.118,,
2015-11-25,0,,0.0,1.0,,,,,,,,,-0.118,,
2015-11-27,0,,0.0,1.0,,,,,,,,,-0.118,,
2015-11-30,0,,0.0,1.0,,,,,,,,,-0.194,,
2015-12-01,0,,0.0,1.0,,,,,,,,,-0.194,,
2015-12-02,0,,0.0,1.0,,,,,,,,,-0.194,,
2015-12-03,1,ECB,0.245,4.93,,,,,0.358,0.261,0.245,0.142,-0.194,,
2015-12-04,1,NFP,0.0,2.674,,,,,,,,,-0.279,,
2015-12-07,0,,0.0,1.0,,,,,,,,,-0.279,,
2015-12-08,0,,0.0,1.0,,,,,,,,,-0.279,,
2015-12-09,1,AUCTION,0.0,1.604,,,,,,,,,-0.279,,
2015-12-10,1,AUCTION,0.0,1.604,,,,,,,,,-0.279,,
2015-12-11,0,,0.0,1.0,,,,,,,,,0.128,,
2015-12-14,0,,0.0,1.0,,,,,,,,,0.128,,
2015-12-15,0,,0.0,1.0,,,,,,,,,0.128,,
2015-12-16,1,FOMC,-0.39,4.733,0.00,-0.66,-2.30,-3.49,-0.865,-0.967,-0.390,0.217,0.128,,
2015-12-17,0,,0.0,1.0,,,,,,,,,0.128,,
2015-12-18,0,,0.0,1.0,,,,,,,,,0.013,,
2015-12-21,0,,0.0,1.0,,,,,,,,,0.013,,
2015-12-22,0,,0.0,1.0,,,,,,,,,0.013,,
2015-12-23,0,,0.0,1.0,,,,,,,,,0.013,,
2015-12-24,0,,0.0,1.0,,,,,,,,,0.013,,
2015-12-28,0,,0.0,1.0,,,,,,,,,0.229,,
2015-12-29,0,,0.0,1.0,,,,,,,,,0.229,,
2015-12-30,0,,0.0,1.0,,,,,,,,,0.229,,
2015-12-31,0,,0.0,1.0,,,,,,,,,0.229,,
2016-01-04,0,,0.0,1.0,,,,,,,,,0.182,,
2016-01-05,0,,0.0,1.0,,,,,,,,,0.182,,
2016-01-06,0,,0.0,1.0,,,,,,,,,0.182,,
2016-01-07,0,,0.0,1.0,,,,,,,,,0.182,,
2016-01-08,0,,0.0,1.0,,,,,,,,,-0.143,,
2016-01-11,0,,0.0,1.0,,,,,,,,,-0.143,,
2016-01-12,0,,0.0,1.0,,,,,,,,,-0.143,,
2016-01-13,1,AUCTION,0.0,1.553,,,,,,,,,-0.143,,
2016-01-14,1,AUCTION,0.0,1.553,,,,,,,,,-0.143,,
2016-01-15,0,,0.0,1.0,,,,,,,,,-0.051,,
2016-01-19,0,,0.0,1.0,,,,,,,,,-0.051,,
2016-01-20,0,,0.0,1.0,,,,,,,,,-0.051,,
2016-01-21,1,ECB,-0.243,4.855,,,,,-0.575,-0.672,-0.243,0.187,-0.051,,
2016-01-22,0,,0.0,1.0,,,,,,,,,0.158,,
2016-01-25,0,,0.0,1.0,,,,,,,,,0.158,,
2016-01-26,0,,0.0,1.0,,,,,,,,,0.158,,
2016-01-27,1,FOMC,-0.58,4.542,-3.37,-3.76,-2.10,-1.45,-1.130,-1.256,-0.580,0.179,0.158,,
2016-01-28,0,,0.0,1.0,,,,,,,,,0.158,,
2016-01-29,0,,0.0,1.0,,,,,,,,,0.428,,
2016-02-01,0,,0.0,1.0,,,,,,,,,0.428,,
2016-02-02,0,,0.0,1.0,,,,,,,,,0.428,,
2016-02-03,0,,0.0,1.0,,,,,,,,,0.428,,
2016-02-04,0,,0.0,1.0,,,,,,,,,0.428,,
2016-02-05,1,NFP,0.0,2.533,,,,,,,,,-0.053,,
2016-02-08,0,,0.0,1.0,,,,,,,,,-0.053,,
2016-02-09,0,,0.0,1.0,,,,,,,,,-0.053,,
2016-02-10,1,AUCTION,0.0,1.52,,,,,,,,,-0.053,,
2016-02-11,1,AUCTION,0.0,1.52,,,,,,,,,-0.053,,
2016-02-12,0,,0.0,1.0,,,,,,,,,-0.222,,
2016-02-16,0,,0.0,1.0,,,,,,,,,-0.222,,
2016-02-17,0,,0.0,1.0,,,,,,,,,-0.222,,
2016-02-18,1,AUCTION,0.0,1.583,,,,,,,,,-0.222,,
2016-02-19,0,,0.0,1.0,,,,,,,,,-0.47,,
2016-02-22,0,,0.0,1.0,,,,,,,,,-0.47,,
2016-02-23,0,,0.0,1.0,,,,,,,,,-0.47,,
2016-02-24,0,,0.0,1.0,,,,,,,,,-0.47,,
2016-02-25,0,,0.0,1.0,,,,,,,,,-0.47,,
2016-02-26,0,,0.0,1.0,,,,,,,,,1.391,,
2016-02-29,0,,0.0,1.0,,,,,,,,,1.391,,
2016-03-01,0,,0.0,1.0,,,,,,,,,1.391,,
2016-03-02,0,,0.0,1.0,,,,,,,,,1.391,,
2016-03-03,0,,0.0,1.0,,,,,,,,,1.391,,
2016-03-04,1,NFP,0.0,2.746,,,,,,,,,0.393,,
2016-03-07,0,,0.0,1.0,,,,,,,,,0.393,,
2016-03-08,0,,0.0,1.0,,,,,,,,,0.393,,
2016-03-09,1,AUCTION,0.0,1.647,,,,,,,,,0.393,,
2016-03-10,1,ECB,-0.371,5.0,,,,,-0.782,-0.910,-0.371,0.172,0.393,,
2016-03-11,0,,0.0,1.0,,,,,,,,,1.522,,
2016-03-14,0,,0.0,1.0,,,,,,,,,1.522,,
2016-03-15,0,,0.0,1.0,,,,,,,,,1.522,,
2016-03-16,1,FOMC,0.758,6.128,-9.33,-10.44,-6.73,-1.54,0.974,1.000,0.758,0.330,1.522,,
2016-03-17,1,AUCTION,0.0,2.071,,,,,,,,,1.522,,
2016-03-18,0,,0.0,1.0,,,,,,,,,2.282,,
2016-03-21,0,,0.0,1.0,,,,,,,,,2.282,,
2016-03-22,0,,0.0,1.0,,,,,,,,,2.282,,
2016-03-23,0,,0.0,1.0,,,,,,,,,2.282,,
2016-03-24,0,,0.0,1.0,,,,,,,,,2.282,,
2016-03-28,0,,0.0,1.0,,,,,,,,,3.144,,
2016-03-29,0,,0.0,1.0,,,,,,,,,3.144,,
2016-03-30,0,,0.0,1.0,,,,,,,,,3.144,,
2016-03-31,0,,0.0,1.0,,,,,,,,,3.144,,
2016-04-01,1,NFP,0.0,3.75,,,,,,,,,2.128,,
2016-04-04,0,,0.0,1.0,,,,,,,,,2.128,,
2016-04-05,0,,0.0,1.0,,,,,,,,,2.128,,
2016-04-06,0,,0.0,1.0,,,,,,,,,2.128,,
2016-04-07,0,,0.0,1.0,,,,,,,,,2.128,,
2016-04-08,0,,0.0,1.0,,,,,,,,,0.608,,
2016-04-11,0,,0.0,1.0,,,,,,,,,0.608,,
2016-04-12,0,,0.0,1.0,,,,,,,,,0.608,,
2016-04-13,1,AUCTION,0.0,1.728,,,,,,,,,0.608,,
2016-04-14,1,AUCTION,0.0,1.728,,,,,,,,,0.608,,
2016-04-15,0,,0.0,1.0,,,,,,,,,1.607,,
2016-04-18,0,,0.0,1.0,,,,,,,,,1.607,,
2016-04-19,0,,0.0,1.0,,,,,,,,,1.607,,
2016-04-20,0,,0.0,1.0,,,,,,,,,1.607,,
2016-04-21,1,ECB,0.221,6.638,,,,,0.160,0.117,0.221,0.237,1.607,,
2016-04-22,0,,0.0,1.0,,,,,,,,,2.289,,
2016-04-25,0,,0.0,1.0,,,,,,,,,2.289,,
2016-04-26,0,,0.0,1.0,,,,,,,,,2.289,,
2016-04-27,1,FOMC,-0.001,6.639,1.19,0.81,-0.18,-0.87,-0.222,-0.282,-0.001,0.236,2.289,,
2016-04-28,0,,0.0,1.0,,,,,,,,,2.289,,
2016-04-29,0,,0.0,1.0,,,,,,,,,2.607,,
2016-05-02,0,,0.0,1.0,,,,,,,,,2.607,,
2016-05-03,0,,0.0,1.0,,,,,,,,,2.607,,
2016-05-04,0,,0.0,1.0,,,,,,,,,2.607,,
2016-05-05,0,,0.0,1.0,,,,,,,,,2.607,,
2016-05-06,1,NFP,0.0,3.75,,,,,,,,,2.691,,
2016-05-09,0,,0.0,1.0,,,,,,,,,2.691,,
2016-05-10,0,,0.0,1.0,,,,,,,,,2.691,,
2016-05-11,1,AUCTION,0.0,2.25,,,,,,,,,2.691,,
2016-05-12,1,AUCTION,0.0,2.25,,,,,,,,,2.691,,
2016-05-13,0,,0.0,1.0,,,,,,,,,2.39,,
2016-05-16,0,,0.0,1.0,,,,,,,,,2.39,,
2016-05-17,0,,0.0,1.0,,,,,,,,,2.39,,
2016-05-18,0,,0.0,1.0,,,,,,,,,2.39,,
2016-05-19,1,AUCTION,0.0,2.25,,,,,,,,,2.39,,
2016-05-20,0,,0.0,1.0,,,,,,,,,1.602,,
2016-05-23,0,,0.0,1.0,,,,,,,,,1.602,,
2016-05-24,0,,0.0,1.0,,,,,,,,,1.602,,
2016-05-25,0,,0.0,1.0,,,,,,,,,1.602,,
2016-05-26,0,,0.0,1.0,,,,,,,,,1.602,,
2016-05-27,0,,0.0,1.0,,,,,,,,,1.609,,
2016-05-31,0,,0.0,1.0,,,,,,,,,1.609,,
2016-06-01,0,,0.0,1.0,,,,,,,,,1.609,,
2016-06-02,1,ECB,1.116,6.442,,,,,1.467,1.539,1.116,0.458,1.609,,
2016-06-03,1,NFP,0.0,3.262,,,,,,,,,1.219,,
2016-06-06,0,,0.0,1.0,,,,,,,,,1.219,,
2016-06-07,0,,0.0,1.0,,,,,,,,,1.219,,
2016-06-08,1,AUCTION,0.0,1.957,,,,,,,,,1.219,,
2016-06-09,1,AUCTION,0.0,1.957,,,,,,,,,1.219,,
2016-06-10,0,,0.0,1.0,,,,,,,,,1.569,,
2016-06-13,0,,0.0,1.0,,,,,,,,,1.569,,
2016-06-14,0,,0.0,1.0,,,,,,,,,1.569,,
2016-06-15,1,FOMC,-0.755,5.964,-5.23,-4.35,-2.22,-0.37,-1.380,-1.546,-0.755,0.145,1.569,,
2016-06-16,0,,0.0,1.0,,,,,,,,,1.569,,
2016-06-17,0,,0.0,1.0,,,,,,,,,1.156,,
2016-06-20,0,,0.0,1.0,,,,,,,,,1.156,,
2016-06-21,0,,0.0,1.0,,,,,,,,,1.156,,
2016-06-22,1,AUCTION,0.0,1.933,,,,,,,,,1.156,,
2016-06-23,0,,0.0,1.0,,,,,,,,,1.156,,
2016-06-24,0,,0.0,1.0,,,,,,,,,1.059,,
2016-06-27,0,,0.0,1.0,,,,,,,,,1.059,,
2016-06-28,0,,0.0,1.0,,,,,,,,,1.059,,
2016-06-29,0,,0.0,1.0,,,,,,,,,1.059,,
2016-06-30,0,,0.0,1.0,,,,,,,,,1.059,,
2016-07-01,0,,0.0,1.0,,,,,,,,,1.182,,
2016-07-05,0,,0.0,1.0,,,,,,,,,1.182,,
2016-07-06,0,,0.0,1.0,,,,,,,,,1.182,,
2016-07-07,0,,0.0,1.0,,,,,,,,,1.182,,
2016-07-08,1,NFP,0.0,3.576,,,,,,,,,1.722,,
2016-07-11,0,,0.0,1.0,,,,,,,,,1.722,,
2016-07-12,1,AUCTION,0.0,2.146,,,,,,,,,1.722,,
2016-07-13,1,AUCTION,0.0,2.146,,,,,,,,,1.722,,
2016-07-14,0,,0.0,1.0,,,,,,,,,1.722,,
2016-07-15,0,,0.0,1.0,,,,,,,,,1.83,,
2016-07-18,0,,0.0,1.0,,,,,,,,,1.83,,
2016-07-19,0,,0.0,1.0,,,,,,,,,1.83,,
2016-07-20,0,,0.0,1.0,,,,,,,,,1.83,,
2016-07-21,1,ECB,-0.265,6.7,,,,,-0.632,-0.718,-0.265,0.206,1.83,,
2016-07-22,0,,0.0,1.0,,,,,,,,,1.485,,
2016-07-25,0,,0.0,1.0,,,,,,,,,1.485,,
2016-07-26,0,,0.0,1.0,,,,,,,,,1.485,,
2016-07-27,1,FOMC,1.07,6.062,0.40,-0.65,-1.20,-1.19,1.435,1.509,1.070,0.381,1.485,,
2016-07-28,0,,0.0,1.0,,,,,,,,,1.485,,
2016-07-29,0,,0.0,1.0,,,,,,,,,1.314,,
2016-08-01,0,,0.0,1.0,,,,,,,,,1.314,,
2016-08-02,0,,0.0,1.0,,,,,,,,,1.314,,
2016-08-03,0,,0.0,1.0,,,,,,,,,1.314,,
2016-08-04,0,,0.0,1.0,,,,,,,,,1.314,,
2016-08-05,1,NFP,0.0,2.993,,,,,,,,,0.789,,
2016-08-08,0,,0.0,1.0,,,,,,,,,0.789,,
2016-08-09,0,,0.0,1.0,,,,,,,,,0.789,,
2016-08-10,1,AUCTION,0.0,1.796,,,,,,,,,0.789,,
2016-08-11,1,AUCTION,0.0,1.796,,,,,,,,,0.789,,
2016-08-12,0,,0.0,1.0,,,,,,,,,1.283,,
2016-08-15,0,,0.0,1.0,,,,,,,,,1.283,,
2016-08-16,0,,0.0,1.0,,,,,,,,,1.283,,
2016-08-17,0,,0.0,1.0,,,,,,,,,1.283,,
2016-08-18,0,,0.0,1.0,,,,,,,,,1.283,,
2016-08-19,0,,0.0,1.0,,,,,,,,,1.218,,
2016-08-22,0,,0.0,1.0,,,,,,,,,1.218,,
2016-08-23,0,,0.0,1.0,,,,,,,,,1.218,,
2016-08-24,0,,0.0,1.0,,,,,,,,,1.218,,
2016-08-25,0,,0.0,1.0,,,,,,,,,1.218,,
2016-08-26,0,,0.0,1.0,,,,,,,,,1.873,,
2016-08-29,0,,0.0,1.0,,,,,,,,,1.873,,
2016-08-30,0,,0.0,1.0,,,,,,,,,1.873,,
2016-08-31,0,,0.0,1.0,,,,,,,,,1.873,,
2016-09-01,0,,0.0,1.0,,,,,,,,,1.873,,
2016-09-02,1,NFP,0.0,3.614,,,,,,,,,1.783,,
2016-09-06,0,,0.0,1.0,,,,,,,,,1.783,,
2016-09-07,0,,0.0,1.0,,,,,,,,,1.783,,
2016-09-08,1,ECB,-0.174,6.636,,,,,-0.435,-0.533,-0.174,0.150,1.783,,
2016-09-09,0,,0.0,1.0,,,,,,,,,1.955,,
2016-09-12,1,AUCTION,0.0,2.233,,,,,,,,,1.955,,
2016-09-13,1,AUCTION,0.0,2.233,,,,,,,,,1.955,,
2016-09-14,0,,0.0,1.0,,,,,,,,,1.955,,
2016-09-15,0,,0.0,1.0,,,,,,,,,1.955,,
2016-09-16,0,,0.0,1.0,,,,,,,,,0.841,,
2016-09-19,0,,0.0,1.0,,,,,,,,,0.841,,
2016-09-20,0,,0.0,1.0,,,,,,,,,0.841,,
2016-09-21,1,FOMC,0.038,5.376,-3.66,-4.26,-3.47,-3.10,-0.162,-0.219,0.038,0.253,0.841,,
2016-09-22,1,AUCTION,0.0,1.815,,,,,,,,,0.841,,
2016-09-23,0,,0.0,1.0,,,,,,,,,0.894,,
2016-09-26,0,,0.0,1.0,,,,,,,,,0.894,,
2016-09-27,0,,0.0,1.0,,,,,,,,,0.894,,
2016-09-28,0,,0.0,1.0,,,,,,,,,0.894,,
2016-09-29,0,,0.0,1.0,,,,,,,,,0.894,,
2016-09-30,0,,0.0,1.0,,,,,,,,,0.705,,
2016-10-03,0,,0.0,1.0,,,,,,,,,0.705,,
2016-10-04,0,,0.0,1.0,,,,,,,,,0.705,,
2016-10-05,0,,0.0,1.0,,,,,,,,,0.705,,
2016-10-06,0,,0.0,1.0,,,,,,,,,0.705,,
2016-10-07,1,NFP,0.0,2.585,,,,,,,,,0.136,,
2016-10-11,0,,0.0,1.0,,,,,,,,,0.136,,
2016-10-12,1,AUCTION,0.0,1.551,,,,,,,,,0.136,,
2016-10-13,1,AUCTION,0.0,1.551,,,,,,,,,0.136,,
2016-10-14,0,,0.0,1.0,,,,,,,,,0.183,,
2016-10-17,0,,0.0,1.0,,,,,,,,,0.183,,
2016-10-18,0,,0.0,1.0,,,,,,,,,0.183,,
2016-10-19,0,,0.0,1.0,,,,,,,,,0.183,,
2016-10-20,1,ECB,0.474,4.993,,,,,0.513,0.512,0.474,0.296,0.183,,
2016-10-21,0,,0.0,1.0,,,,,,,,,0.16,,
2016-10-24,0,,0.0,1.0,,,,,,,,,0.16,,
2016-10-25,0,,0.0,1.0,,,,,,,,,0.16,,
2016-10-26,0,,0.0,1.0,,,,,,,,,0.16,,
2016-10-27,0,,0.0,1.0,,,,,,,,,0.16,,
2016-10-28,0,,0.0,1.0,,,,,,,,,0.102,,
2016-10-31,0,,0.0,1.0,,,,,,,,,0.102,,
2016-11-01,0,,0.0,1.0,,,,,,,,,0.102,,
2016-11-02,1,FOMC,0.182,4.512,0.40,0.16,0.35,0.55,0.079,0.039,0.182,0.248,0.102,,
2016-11-03,0,,0.0,1.0,,,,,,,,,0.102,,
2016-11-04,1,NFP,0.0,2.763,,,,,,,,,0.422,,
2016-11-07,0,,0.0,1.0,,,,,,,,,0.422,,
2016-11-08,0,,0.0,1.0,,,,,,,,,0.422,,
2016-11-09,1,AUCTION,0.0,1.658,,,,,,,,,0.422,,
2016-11-10,1,AUCTION,0.0,1.658,,,,,,,,,0.422,,
2016-11-14,0,,0.0,1.0,,,,,,,,,0.282,,
2016-11-15,0,,0.0,1.0,,,,,,,,,0.282,,
2016-11-16,0,,0.0,1.0,,,,,,,,,0.282,,
2016-11-17,1,AUCTION,0.0,1.606,,,,,,,,,0.282,,
2016-11-18,0,,0.0,1.0,,,,,,,,,1.938,,
2016-11-21,0,,0.0,1.0,,,,,,,,,1.938,,
2016-11-22,0,,0.0,1.0,,,,,,,,,1.938,,
2016-11-23,0,,0.0,1.0,,,,,,,,,1.938,,
2016-11-25,0,,0.0,1.0,,,,,,,,,1.938,,
2016-11-28,0,,0.0,1.0,,,,,,,,,2.272,,
2016-11-29,0,,0.0,1.0,,,,,,,,,2.272,,
2016-11-30,0,,0.0,1.0,,,,,,,,,2.272,,
2016-12-01,0,,0.0,1.0,,,,,,,,,2.272,,
2016-12-02,1,NFP,0.0,2.515,,,,,,,,,0.025,,
2016-12-05,0,,0.0,1.0,,,,,,,,,0.025,,
2016-12-06,0,,0.0,1.0,,,,,,,,,0.025,,
2016-12-07,0,,0.0,1.0,,,,,,,,,0.025,,
2016-12-08,1,ECB,-0.139,4.816,,,,,-0.377,-0.458,-0.139,0.161,0.025,,
2016-12-09,0,,0.0,1.0,,,,,,,,,0.424,,
2016-12-12,1,AUCTION,0.0,1.659,,,,,,,,,0.424,,
2016-12-13,1,AUCTION,0.0,1.659,,,,,,,,,0.424,,
2016-12-14,1,FOMC,-0.311,4.857,6.08,8.18,6.04,2.67,-0.675,-0.784,-0.311,0.178,0.424,,
2016-12-15,0,,0.0,1.0,,,,,,,,,0.424,,
2016-12-16,0,,0.0,1.0,,,,,,,,,-0.001,,
2016-12-19,0,,0.0,1.0,,,,,,,,,-0.001,,
2016-12-20,0,,0.0,1.0,,,,,,,,,-0.001,,
2016-12-21,0,,0.0,1.0,,,,,,,,,-0.001,,
2016-12-22,0,,0.0,1.0,,,,,,,,,-0.001,,
2016-12-23,0,,0.0,1.0,,,,,,,,,0.028,,
2016-12-27,0,,0.0,1.0,,,,,,,,,0.028,,
2016-12-28,0,,0.0,1.0,,,,,,,,,0.028,,
2016-12-29,0,,0.0,1.0,,,,,,,,,0.028,,
2016-12-30,0,,0.0,1.0,,,,,,,,,-0.856,,
2017-01-03,0,,0.0,1.0,,,,,,,,,-0.856,,
2017-01-04,0,,0.0,1.0,,,,,,,,,-0.856,,
2017-01-05,0,,0.0,1.0,,,,,,,,,-0.856,,
2017-01-06,1,NFP,0.0,2.846,,,,,,,,,-0.553,,
2017-01-09,0,,0.0,1.0,,,,,,,,,-0.553,,
2017-01-10,0,,0.0,1.0,,,,,,,,,-0.553,,
2017-01-11,1,AUCTION,0.0,1.707,,,,,,,,,-0.553,,
2017-01-12,1,AUCTION,0.0,1.707,,,,,,,,,-0.553,,
2017-01-13,0,,0.0,1.0,,,,,,,,,-0.609,,
2017-01-17,0,,0.0,1.0,,,,,,,,,-0.609,,
2017-01-18,0,,0.0,1.0,,,,,,,,,-0.609,,
2017-01-19,1,ECB,0.612,5.477,,,,,0.832,0.819,0.612,0.262,-0.609,,
2017-01-20,0,,0.0,1.0,,,,,,,,,-0.623,,
2017-01-23,0,,0.0,1.0,,,,,,,,,-0.623,,
2017-01-24,0,,0.0,1.0,,,,,,,,,-0.623,,
2017-01-25,0,,0.0,1.0,,,,,,,,,-0.623,,
2017-01-26,0,,0.0,1.0,,,,,,,,,-0.623,,
2017-01-27,0,,0.0,1.0,,,,,,,,,-0.148,,
2017-01-30,0,,0.0,1.0,,,,,,,,,-0.148,,
2017-01-31,0,,0.0,1.0,,,,,,,,,-0.148,,
2017-02-01,1,FOMC,-0.045,4.485,-2.39,-2.31,-0.74,0.58,-0.272,-0.341,-0.045,0.220,-0.148,,
2017-02-02,0,,0.0,1.0,,,,,,,,,-0.148,,
2017-02-03,1,NFP,0.0,2.76,,,,,,,,,-0.416,,
2017-02-06,0,,0.0,1.0,,,,,,,,,-0.416,,
2017-02-07,0,,0.0,1.0,,,,,,,,,-0.416,,
2017-02-08,1,AUCTION,0.0,1.656,,,,,,,,,-0.416,,
2017-02-09,1,AUCTION,0.0,1.656,,,,,,,,,-0.416,,
2017-02-10,0,,0.0,1.0,,,,,,,,,-0.593,,
2017-02-13,0,,0.0,1.0,,,,,,,,,-0.593,,
2017-02-14,0,,0.0,1.0,,,,,,,,,-0.593,,
2017-02-15,0,,0.0,1.0,,,,,,,,,-0.593,,
2017-02-16,1,AUCTION,0.0,1.722,,,,,,,,,-0.593,,
2017-02-17,0,,0.0,1.0,,,,,,,,,-1.434,,
2017-02-21,0,,0.0,1.0,,,,,,,,,-1.434,,
2017-02-22,0,,0.0,1.0,,,,,,,,,-1.434,,
2017-02-23,0,,0.0,1.0,,,,,,,,,-1.434,,
2017-02-24,0,,0.0,1.0,,,,,,,,,-1.192,,
2017-02-27,0,,0.0,1.0,,,,,,,,,-1.192,,
2017-02-28,0,,0.0,1.0,,,,,,,,,-1.192,,
2017-03-01,0,,0.0,1.0,,,,,,,,,-1.192,,
2017-03-02,0,,0.0,1.0,,,,,,,,,-1.192,,
2017-03-03,0,,0.0,1.0,,,,,,,,,-2.544,,
2017-03-06,0,,0.0,1.0,,,,,,,,,-2.544,,
2017-03-07,0,,0.0,1.0,,,,,,,,,-2.544,,
2017-03-08,1,AUCTION,0.0,2.25,,,,,,,,,-2.544,,
2017-03-09,1,ECB,-0.009,7.208,,,,,-0.198,-0.287,-0.009,0.204,-2.544,,
2017-03-10,1,NFP,0.0,3.75,,,,,,,,,-2.727,,
2017-03-13,0,,0.0,1.0,,,,,,,,,-2.727,,
2017-03-14,0,,0.0,1.0,,,,,,,,,-2.727,,
2017-03-15,1,FOMC,0.923,6.466,-6.10,-7.21,-4.36,-1.40,1.238,1.287,0.923,0.355,-2.727,,
2017-03-16,0,,0.0,1.0,,,,,,,,,-2.727,,
2017-03-17,0,,0.0,1.0,,,,,,,,,-2.454,,
2017-03-20,0,,0.0,1.0,,,,,,,,,-2.454,,
2017-03-21,0,,0.0,1.0,,,,,,,,,-2.454,,
2017-03-22,0,,0.0,1.0,,,,,,,,,-2.454,,
2017-03-23,1,AUCTION,0.0,2.25,,,,,,,,,-2.454,,
2017-03-24,0,,0.0,1.0,,,,,,,,,-1.545,,
2017-03-27,0,,0.0,1.0,,,,,,,,,-1.545,,
2017-03-28,0,,0.0,1.0,,,,,,,,,-1.545,,
2017-03-29,0,,0.0,1.0,,,,,,,,,-1.545,,
2017-03-30,0,,0.0,1.0,,,,,,,,,-1.545,,
2017-03-31,0,,0.0,1.0,,,,,,,,,-0.932,,
2017-04-03,0,,0.0,1.0,,,,,,,,,-0.932,,
2017-04-04,0,,0.0,1.0,,,,,,,,,-0.932,,
2017-04-05,0,,0.0,1.0,,,,,,,,,-0.932,,
2017-04-06,0,,0.0,1.0,,,,,,,,,-0.932,,
2017-04-07,1,NFP,0.0,2.817,,,,,,,,,-0.507,,
2017-04-10,0,,0.0,1.0,,,,,,,,,-0.507,,
2017-04-11,1,AUCTION,0.0,1.69,,,,,,,,,-0.507,,
2017-04-12,1,AUCTION,0.0,1.69,,,,,,,,,-0.507,,
2017-04-13,0,,0.0,1.0,,,,,,,,,-0.507,,
2017-04-17,0,,0.0,1.0,,,,,,,,,-0.335,,
2017-04-18,0,,0.0,1.0,,,,,,,,,-0.335,,
2017-04-19,0,,0.0,1.0,,,,,,,,,-0.335,,
2017-04-20,0,,0.0,1.0,,,,,,,,,-0.335,,
2017-04-21,0,,0.0,1.0,,,,,,,,,-0.748,,
2017-04-24,0,,0.0,1.0,,,,,,,,,-0.748,,
2017-04-25,0,,0.0,1.0,,,,,,,,,-0.748,,
2017-04-26,0,,0.0,1.0,,,,,,,,,-0.748,,
2017-04-27,1,ECB,-0.626,5.76,,,,,-1.206,-1.342,-0.626,0.169,-0.748,,
2017-04-28,0,,0.0,1.0,,,,,,,,,-0.33,,
2017-05-01,0,,0.0,1.0,,,,,,,,,-0.33,,
2017-05-02,0,,0.0,1.0,,,,,,,,,-0.33,,
2017-05-03,1,FOMC,0.104,4.678,1.80,2.30,1.80,1.26,-0.038,-0.092,0.104,0.235,-0.33,,
2017-05-04,0,,0.0,1.0,,,,,,,,,-0.33,,
2017-05-05,1,NFP,0.0,2.874,,,,,,,,,-0.599,,
2017-05-08,0,,0.0,1.0,,,,,,,,,-0.599,,
2017-05-09,0,,0.0,1.0,,,,,,,,,-0.599,,
2017-05-10,1,AUCTION,0.0,1.725,,,,,,,,,-0.599,,
2017-05-11,1,AUCTION,0.0,1.725,,,,,,,,,-0.599,,
2017-05-12,0,,0.0,1.0,,,,,,,,,0.083,,
2017-05-15,0,,0.0,1.0,,,,,,,,,0.083,,
2017-05-16,0,,0.0,1.0,,,,,,,,,0.083,,
2017-05-17,0,,0.0,1.0,,,,,,,,,0.083,,
2017-05-18,1,AUCTION,0.0,1.531,,,,,,,,,0.083,,
2017-05-19,0,,0.0,1.0,,,,,,,,,0.238,,
2017-05-22,0,,0.0,1.0,,,,,,,,,0.238,,
2017-05-23,0,,0.0,1.0,,,,,,,,,0.238,,
2017-05-24,0,,0.0,1.0,,,,,,,,,0.238,,
2017-05-25,0,,0.0,1.0,,,,,,,,,0.238,,
2017-05-26,0,,0.0,1.0,,,,,,,,,0.403,,
2017-05-30,0,,0.0,1.0,,,,,,,,,0.403,,
2017-05-31,0,,0.0,1.0,,,,,,,,,0.403,,
2017-06-01,0,,0.0,1.0,,,,,,,,,0.403,,
2017-06-02,1,NFP,0.0,2.683,,,,,,,,,-0.293,,
2017-06-05,0,,0.0,1.0,,,,,,,,,-0.293,,
2017-06-06,0,,0.0,1.0,,,,,,,,,-0.293,,
2017-06-07,0,,0.0,1.0,,,,,,,,,-0.293,,
2017-06-08,1,ECB,0.263,5.143,,,,,0.212,0.179,0.263,0.255,-0.293,,
2017-06-09,0,,0.0,1.0,,,,,,,,,-0.073,,
2017-06-12,1,AUCTION,0.0,1.528,,,,,,,,,-0.073,,
2017-06-13,1,AUCTION,0.0,1.528,,,,,,,,,-0.073,,
2017-06-14,1,FOMC,0.6,4.3,2.84,2.31,0.96,0.08,0.725,0.736,0.600,0.302,-0.073,,
2017-06-15,0,,0.0,1.0,,,,,,,,,-0.073,,
2017-06-16,0,,0.0,1.0,,,,,,,,,0.12,,
2017-06-19,0,,0.0,1.0,,,,,,,,,0.12,,
2017-06-20,0,,0.0,1.0,,,,,,,,,0.12,,
2017-06-21,0,,0.0,1.0,,,,,,,,,0.12,,
2017-06-22,1,AUCTION,0.0,1.545,,,,,,,,,0.12,,
2017-06-23,0,,0.0,1.0,,,,,,,,,-0.133,,
2017-06-26,0,,0.0,1.0,,,,,,,,,-0.133,,
2017-06-27,0,,0.0,1.0,,,,,,,,,-0.133,,
2017-06-28,0,,0.0,1.0,,,,,,,,,-0.133,,
2017-06-29,0,,0.0,1.0,,,,,,,,,-0.133,,
2017-06-30,0,,0.0,1.0,,,,,,,,,0.536,,
2017-07-03,0,,0.0,1.0,,,,,,,,,0.536,,
2017-07-05,0,,0.0,1.0,,,,,,,,,0.536,,
2017-07-06,0,,0.0,1.0,,,,,,,,,0.536,,
2017-07-07,1,NFP,0.0,3.082,,,,,,,,,0.931,,
2017-07-10,0,,0.0,1.0,,,,,,,,,0.931,,
2017-07-11,0,,0.0,1.0,,,,,,,,,0.931,,
2017-07-12,1,AUCTION,0.0,1.849,,,,,,,,,0.931,,
2017-07-13,1,AUCTION,0.0,1.849,,,,,,,,,0.931,,
2017-07-14,0,,0.0,1.0,,,,,,,,,1.465,,
2017-07-17,0,,0.0,1.0,,,,,,,,,1.465,,
2017-07-18,0,,0.0,1.0,,,,,,,,,1.465,,
2017-07-19,0,,0.0,1.0,,,,,,,,,1.465,,
2017-07-20,1,ECB,-0.43,6.358,,,,,-0.893,-0.993,-0.430,0.201,1.465,,
2017-07-21,0,,0.0,1.0,,,,,,,,,0.585,,
2017-07-24,0,,0.0,1.0,,,,,,,,,0.585,,
2017-07-25,0,,0.0,1.0,,,,,,,,,0.585,,
2017-07-26,1,FOMC,-0.216,4.917,-1.59,-2.50,-1.61,-0.32,-0.560,-0.641,-0.216,0.206,0.585,,
2017-07-27,0,,0.0,1.0,,,,,,,,,0.585,,
2017-07-28,0,,0.0,1.0,,,,,,,,,0.375,,
2017-07-31,0,,0.0,1.0,,,,,,,,,0.375,,
2017-08-01,0,,0.0,1.0,,,,,,,,,0.375,,
2017-08-02,0,,0.0,1.0,,,,,,,,,0.375,,
2017-08-03,0,,0.0,1.0,,,,,,,,,0.375,,
2017-08-04,1,NFP,0.0,2.667,,,,,,,,,0.268,,
2017-08-07,0,,0.0,1.0,,,,,,,,,0.268,,
2017-08-08,0,,0.0,1.0,,,,,,,,,0.268,,
2017-08-09,1,AUCTION,0.0,1.6,,,,,,,,,0.268,,
2017-08-10,1,AUCTION,0.0,1.6,,,,,,,,,0.268,,
2017-08-11,0,,0.0,1.0,,,,,,,,,0.691,,
2017-08-14,0,,0.0,1.0,,,,,,,,,0.691,,
2017-08-15,0,,0.0,1.0,,,,,,,,,0.691,,
2017-08-16,0,,0.0,1.0,,,,,,,,,0.691,,
2017-08-17,0,,0.0,1.0,,,,,,,,,0.691,,
2017-08-18,0,,0.0,1.0,,,,,,,,,0.688,,
2017-08-21,0,,0.0,1.0,,,,,,,,,0.688,,
2017-08-22,0,,0.0,1.0,,,,,,,,,0.688,,
2017-08-23,0,,0.0,1.0,,,,,,,,,0.688,,
2017-08-24,0,,0.0,1.0,,,,,,,,,0.688,,
2017-08-25,0,,0.0,1.0,,,,,,,,,0.935,,
2017-08-28,0,,0.0,1.0,,,,,,,,,0.935,,
2017-08-29,0,,0.0,1.0,,,,,,,,,0.935,,
2017-08-30,0,,0.0,1.0,,,,,,,,,0.935,,
2017-08-31,0,,0.0,1.0,,,,,,,,,0.935,,
2017-09-01,1,NFP,0.0,2.975,,,,,,,,,0.759,,
2017-09-05,0,,0.0,1.0,,,,,,,,,0.759,,
2017-09-06,0,,0.0,1.0,,,,,,,,,0.759,,
2017-09-07,1,ECB,0.912,5.389,,,,,1.156,1.232,0.912,0.424,0.759,,
2017-09-08,0,,0.0,1.0,,,,,,,,,0.899,,
2017-09-11,0,,0.0,1.0,,,,,,,,,0.899,,
2017-09-12,1,AUCTION,0.0,1.837,,,,,,,,,0.899,,
2017-09-13,1,AUCTION,0.0,1.837,,,,,,,,,0.899,,
2017-09-14,0,,0.0,1.0,,,,,,,,,0.899,,
2017-09-15,0,,0.0,1.0,,,,,,,,,1.154,,
2017-09-18,0,,0.0,1.0,,,,,,,,,1.154,,
2017-09-19,0,,0.0,1.0,,,,,,,,,1.154,,
2017-09-20,1,FOMC,-0.458,5.35,4.51,5.51,3.36,1.02,-0.928,-1.048,-0.458,0.171,1.154,,
2017-09-21,1,AUCTION,0.0,1.933,,,,,,,,,1.154,,
2017-09-22,0,,0.0,1.0,,,,,,,,,1.318,,
2017-09-25,0,,0.0,1.0,,,,,,,,,1.318,,
2017-09-26,0,,0.0,1.0,,,,,,,,,1.318,,
2017-09-27,0,,0.0,1.0,,,,,,,,,1.318,,
2017-09-28,0,,0.0,1.0,,,,,,,,,1.318,,
2017-09-29,0,,0.0,1.0,,,,,,,,,1.197,,
2017-10-02,0,,0.0,1.0,,,,,,,,,1.197,,
2017-10-03,0,,0.0,1.0,,,,,,,,,1.197,,
2017-10-04,0,,0.0,1.0,,,,,,,,,1.197,,
2017-10-05,0,,0.0,1.0,,,,,,,,,1.197,,
2017-10-06,1,NFP,0.0,3.034,,,,,,,,,0.854,,
2017-10-10,0,,0.0,1.0,,,,,,,,,0.854,,
2017-10-11,1,AUCTION,0.0,1.82,,,,,,,,,0.854,,
2017-10-12,1,AUCTION,0.0,1.82,,,,,,,,,0.854,,
2017-10-13,0,,0.0,1.0,,,,,,,,,0.801,,
2017-10-16,0,,0.0,1.0,,,,,,,,,0.801,,
2017-10-17,0,,0.0,1.0,,,,,,,,,0.801,,
2017-10-18,0,,0.0,1.0,,,,,,,,,0.801,,
2017-10-19,1,AUCTION,0.0,1.8,,,,,,,,,0.801,,
2017-10-20,0,,0.0,1.0,,,,,,,,,-0.541,,
2017-10-23,0,,0.0,1.0,,,,,,,,,-0.541,,
2017-10-24,0,,0.0,1.0,,,,,,,,,-0.541,,
2017-10-25,0,,0.0,1.0,,,,,,,,,-0.541,,
2017-10-26,1,ECB,0.849,5.315,,,,,1.152,1.203,0.849,0.320,-0.541,,
2017-10-27,0,,0.0,1.0,,,,,,,,,0.176,,
2017-10-30,0,,0.0,1.0,,,,,,,,,0.176,,
2017-10-31,0,,0.0,1.0,,,,,,,,,0.176,,
2017-11-01,1,FOMC,0.033,4.275,0.39,0.50,0.82,0.64,-0.151,-0.211,0.033,0.230,0.176,,
2017-11-02,0,,0.0,1.0,,,,,,,,,0.176,,
2017-11-03,1,NFP,0.0,2.509,,,,,,,,,-0.014,,
2017-11-06,0,,0.0,1.0,,,,,,,,,-0.014,,
2017-11-07,0,,0.0,1.0,,,,,,,,,-0.014,,
2017-11-08,1,AUCTION,0.0,1.505,,,,,,,,,-0.014,,
2017-11-09,1,AUCTION,0.0,1.505,,,,,,,,,-0.014,,
2017-11-10,0,,0.0,1.0,,,,,,,,,0.059,,
2017-11-13,0,,0.0,1.0,,,,,,,,,0.059,,
2017-11-14,0,,0.0,1.0,,,,,,,,,0.059,,
2017-11-15,0,,0.0,1.0,,,,,,,,,0.059,,
2017-11-16,1,AUCTION,0.0,1.522,,,,,,,,,0.059,,
2017-11-17,0,,0.0,1.0,,,,,,,,,-0.436,,
2017-11-20,0,,0.0,1.0,,,,,,,,,-0.436,,
2017-11-21,0,,0.0,1.0,,,,,,,,,-0.436,,
2017-11-22,0,,0.0,1.0,,,,,,,,,-0.436,,
2017-11-24,0,,0.0,1.0,,,,,,,,,-0.436,,
2017-11-27,0,,0.0,1.0,,,,,,,,,-1.556,,
2017-11-28,0,,0.0,1.0,,,,,,,,,-1.556,,
2017-11-29,0,,0.0,1.0,,,,,,,,,-1.556,,
2017-11-30,0,,0.0,1.0,,,,,,,,,-1.556,,
2017-12-01,0,,0.0,1.0,,,,,,,,,-1.392,,
2017-12-04,0,,0.0,1.0,,,,,,,,,-1.392,,
2017-12-05,0,,0.0,1.0,,,,,,,,,-1.392,,
2017-12-06,0,,0.0,1.0,,,,,,,,,-1.392,,
2017-12-07,0,,0.0,1.0,,,,,,,,,-1.392,,
2017-12-08,1,NFP,0.0,3.75,,,,,,,,,-2.517,,
2017-12-11,1,AUCTION,0.0,2.25,,,,,,,,,-2.517,,
2017-12-12,1,AUCTION,0.0,2.25,,,,,,,,,-2.517,,
2017-12-13,1,FOMC,0.373,6.446,-1.22,-1.84,-1.25,-0.54,0.375,0.357,0.373,0.278,-2.517,,
2017-12-14,1,ECB,0.772,7.165,,,,,0.948,0.982,0.772,0.363,-2.517,,
2017-12-15,0,,0.0,1.0,,,,,,,,,-2.125,,
2017-12-18,0,,0.0,1.0,,,,,,,,,-2.125,,
2017-12-19,0,,0.0,1.0,,,,,,,,,-2.125,,
2017-12-20,0,,0.0,1.0,,,,,,,,,-2.125,,
2017-12-21,0,,0.0,1.0,,,,,,,,,-2.125,,
2017-12-22,0,,0.0,1.0,,,,,,,,,-2.174,,
2017-12-26,0,,0.0,1.0,,,,,,,,,-2.174,,
2017-12-27,0,,0.0,1.0,,,,,,,,,-2.174,,
2017-12-28,0,,0.0,1.0,,,,,,,,,-2.174,,
2017-12-29,0,,0.0,1.0,,,,,,,,,-2.287,,
2018-01-02,0,,0.0,1.0,,,,,,,,,-2.287,,
2018-01-03,0,,0.0,1.0,,,,,,,,,-2.287,,
2018-01-04,0,,0.0,1.0,,,,,,,,,-2.287,,
2018-01-05,1,NFP,0.0,3.572,,,,,,,,,-1.716,,
2018-01-08,0,,0.0,1.0,,,,,,,,,-1.716,,
2018-01-09,0,,0.0,1.0,,,,,,,,,-1.716,,
2018-01-10,1,AUCTION,0.0,2.143,,,,,,,,,-1.716,,
2018-01-11,1,AUCTION,0.0,2.143,,,,,,,,,-1.716,,
2018-01-12,0,,0.0,1.0,,,,,,,,,-2.216,,
2018-01-16,0,,0.0,1.0,,,,,,,,,-2.216,,
2018-01-17,0,,0.0,1.0,,,,,,,,,-2.216,,
2018-01-18,1,AUCTION,0.0,2.25,,,,,,,,,-2.216,,
2018-01-19,0,,0.0,1.0,,,,,,,,,-0.817,,
2018-01-22,0,,0.0,1.0,,,,,,,,,-0.817,,
2018-01-23,0,,0.0,1.0,,,,,,,,,-0.817,,
2018-01-24,0,,0.0,1.0,,,,,,,,,-0.817,,
2018-01-25,1,ECB,-0.796,5.575,,,,,-1.531,-1.650,-0.796,0.207,-0.817,,
2018-01-26,0,,0.0,1.0,,,,,,,,,-0.412,,
2018-01-29,0,,0.0,1.0,,,,,,,,,-0.412,,
2018-01-30,0,,0.0,1.0,,,,,,,,,-0.412,,
2018-01-31,1,FOMC,-0.189,4.741,0.81,1.51,1.69,0.57,-0.495,-0.583,-0.189,0.205,-0.412,,
2018-02-01,0,,0.0,1.0,,,,,,,,,-0.412,,
2018-02-02,1,NFP,0.0,3.061,,,,,,,,,-0.897,,
2018-02-05,0,,0.0,1.0,,,,,,,,,-0.897,,
2018-02-06,0,,0.0,1.0,,,,,,,,,-0.897,,
2018-02-07,1,AUCTION,0.0,1.837,,,,,,,,,-0.897,,
2018-02-08,1,AUCTION,0.0,1.837,,,,,,,,,-0.897,,
2018-02-09,0,,0.0,1.0,,,,,,,,,-0.75,,
2018-02-12,0,,0.0,1.0,,,,,,,,,-0.75,,
2018-02-13,0,,0.0,1.0,,,,,,,,,-0.75,,
2018-02-14,0,,0.0,1.0,,,,,,,,,-0.75,,
2018-02-15,1,AUCTION,0.0,1.781,,,,,,,,,-0.75,,
2018-02-16,0,,0.0,1.0,,,,,,,,,-0.916,,
2018-02-20,0,,0.0,1.0,,,,,,,,,-0.916,,
2018-02-21,0,,0.0,1.0,,,,,,,,,-0.916,,
2018-02-22,0,,0.0,1.0,,,,,,,,,-0.916,,
2018-02-23,0,,0.0,1.0,,,,,,,,,-0.317,,
2018-02-26,0,,0.0,1.0,,,,,,,,,-0.317,,
2018-02-27,0,,0.0,1.0,,,,,,,,,-0.317,,
2018-02-28,0,,0.0,1.0,,,,,,,,,-0.317,,
2018-03-01,0,,0.0,1.0,,,,,,,,,-0.317,,
2018-03-02,0,,0.0,1.0,,,,,,,,,-1.507,,
2018-03-05,0,,0.0,1.0,,,,,,,,,-1.507,,
2018-03-06,0,,0.0,1.0,,,,,,,,,-1.507,,
2018-03-07,0,,0.0,1.0,,,,,,,,,-1.507,,
2018-03-08,1,ECB,-0.28,6.441,,,,,-0.695,-0.775,-0.280,0.212,-1.507,,
2018-03-09,1,NFP,0.0,3.473,,,,,,,,,-1.556,,
2018-03-12,1,AUCTION,0.0,2.084,,,,,,,,,-1.556,,
2018-03-13,1,AUCTION,0.0,2.084,,,,,,,,,-1.556,,
2018-03-14,0,,0.0,1.0,,,,,,,,,-1.556,,
2018-03-15,0,,0.0,1.0,,,,,,,,,-1.556,,
2018-03-16,0,,0.0,1.0,,,,,,,,,-1.235,,
2018-03-19,0,,0.0,1.0,,,,,,,,,-1.235,,
2018-03-20,0,,0.0,1.0,,,,,,,,,-1.235,,
2018-03-21,1,FOMC,0.375,5.714,-0.82,1.53,2.40,2.47,0.424,0.385,0.375,0.256,-1.235,,
2018-03-22,1,AUCTION,0.0,1.963,,,,,,,,,-1.235,,
2018-03-23,0,,0.0,1.0,,,,,,,,,-1.788,,
2018-03-26,0,,0.0,1.0,,,,,,,,,-1.788,,
2018-03-27,0,,0.0,1.0,,,,,,,,,-1.788,,
2018-03-28,0,,0.0,1.0,,,,,,,,,-1.788,,
2018-03-29,0,,0.0,1.0,,,,,,,,,-1.788,,
2018-04-02,0,,0.0,1.0,,,,,,,,,-1.509,15.748,15.748
2018-04-03,0,,0.0,1.0,,,,,,,,,-1.509,11.939,5.514
2018-04-04,0,,0.0,1.0,,,,,,,,,-1.509,4.049,3.133
2018-04-05,0,,0.0,1.0,,,,,,,,,-1.509,4.643,3.06
2018-04-06,1,NFP,0.0,8.206,,,,,,,,,-2.597,4.437,2.692
2018-04-09,0,,0.0,1.0,,,,,,,,,-2.597,4.255,2.939
2018-04-10,0,,0.0,1.0,,,,,,,,,-2.597,4.092,2.586
2018-04-11,1,AUCTION,0.0,4.7,,,,,,,,,-2.597,4.574,1.958
2018-04-12,1,AUCTION,0.0,3.913,,,,,,,,,-2.597,2.499,1.935
2018-04-13,0,,0.0,1.0,,,,,,,,,-2.176,1.81,2.772
2018-04-16,0,,0.0,1.0,,,,,,,,,-2.176,4.862,2.157
2018-04-17,0,,0.0,1.0,,,,,,,,,-2.176,4.069,2.408
2018-04-18,0,,0.0,1.0,,,,,,,,,-2.176,3.365,2.093
2018-04-19,0,,0.0,1.0,,,,,,,,,-2.176,2.142,2.066
2018-04-20,0,,0.0,1.0,,,,,,,,,-2.151,0.954,1.765
2018-04-23,0,,0.0,1.0,,,,,,,,,-2.151,-0.227,2.291
2018-04-24,0,,0.0,1.0,,,,,,,,,-2.151,0.361,2.258
2018-04-25,0,,0.0,1.0,,,,,,,,,-2.151,0.359,1.959
2018-04-26,1,ECB,0.085,10.611,,,,,-0.109,-0.151,0.085,0.258,-2.151,0.942,1.936
2018-04-27,0,,0.0,1.0,,,,,,,,,-2.18,0.936,1.913
2018-04-30,0,,0.0,1.0,,,,,,,,,-2.18,4.278,2.152
2018-05-01,0,,0.0,1.0,,,,,,,,,-2.18,3.073,1.865
2018-05-02,1,FOMC,-0.104,10.751,-1.61,-1.86,-1.12,-0.41,-0.376,-0.449,-0.104,0.220,-2.18,2.476,1.844
2018-05-03,0,,0.0,1.0,,,,,,,,,-2.18,1.905,2.078
2018-05-04,1,NFP,0.0,5.381,,,,,,,,,-2.056,0.811,1.798
2018-05-07,0,,0.0,1.0,,,,,,,,,-2.056,0.265,3.019
2018-05-08,0,,0.0,1.0,,,,,,,,,-2.056,0.804,1.981
2018-05-09,1,AUCTION,0.0,3.375,,,,,,,,,-2.056,0.798,2.201
2018-05-10,1,AUCTION,0.0,3.563,,,,,,,,,-2.056,1.33,2.17
2018-05-11,0,,0.0,1.0,,,,,,,,,-1.847,1.319,2.141
2018-05-14,0,,0.0,1.0,,,,,,,,,-1.847,2.359,1.395
2018-05-15,0,,0.0,1.0,,,,,,,,,-1.847,4.302,1.861
2018-05-16,0,,0.0,1.0,,,,,,,,,-1.847,2.219,1.366
2018-05-17,1,AUCTION,0.0,3.601,,,,,,,,,-1.847,1.694,2.061
2018-05-18,0,,0.0,1.0,,,,,,,,,-1.325,1.18,1.568
2018-05-21,0,,0.0,1.0,,,,,,,,,-1.325,-0.831,1.553
2018-05-22,0,,0.0,1.0,,,,,,,,,-1.325,-2.788,2.001
2018-05-23,0,,0.0,1.0,,,,,,,,,-1.325,-1.781,2.656
2018-05-24,0,,0.0,1.0,,,,,,,,,-1.325,1.646,1.938
2018-05-25,0,,0.0,1.0,,,,,,,,,-1.103,1.148,1.69
2018-05-29,0,,0.0,1.0,,,,,,,,,-1.103,0.656,1.896
2018-05-30,0,,0.0,1.0,,,,,,,,,-1.103,0.651,1.652
2018-05-31,0,,0.0,1.0,,,,,,,,,-1.103,4.781,4.781
2018-06-01,1,NFP,0.0,7.535,,,,,,,,,-1.538,4.558,1.96
2018-06-04,0,,0.0,1.0,,,,,,,,,-1.538,3.965,1.309
2018-06-05,0,,0.0,1.0,,,,,,,,,-1.538,1.792,1.298
2018-06-06,0,,0.0,1.0,,,,,,,,,-1.538,0.93,1.078
2018-06-07,0,,0.0,1.0,,,,,,,,,-1.538,0.073,1.487
2018-06-08,0,,0.0,1.0,,,,,,,,,-1.631,-0.779,1.266
2018-06-11,1,AUCTION,0.0,2.505,,,,,,,,,-1.631,-0.776,1.048
2018-06-12,1,AUCTION,0.0,2.811,,,,,,,,,-1.631,-1.616,1.866
2018-06-13,1,FOMC,0.71,7.811,4.11,4.08,3.49,2.09,0.933,0.954,0.710,0.292,-1.631,0.08,1.436
2018-06-14,1,ECB,0.612,8.217,,,,,0.692,0.735,0.612,0.352,-1.631,-0.345,1.423
2018-06-15,0,,0.0,1.0,,,,,,,,,-1.489,0.078,2.418
2018-06-18,0,,0.0,1.0,,,,,,,,,-1.489,-0.346,1.181
2018-06-19,0,,0.0,1.0,,,,,,,,,-1.489,-1.607,1.172
2018-06-20,0,,0.0,1.0,,,,,,,,,-1.489,-2.415,0.961
2018-06-21,1,AUCTION,0.0,2.865,,,,,,,,,-1.489,-2.38,2.151
2018-06-22,0,,0.0,1.0,,,,,,,,,-1.445,-0.315,1.334
2018-06-25,0,,0.0,1.0,,,,,,,,,-1.445,-0.726,1.52
2018-06-26,0,,0.0,1.0,,,,,,,,,-1.445,-1.132,1.309
2018-06-27,0,,0.0,1.0,,,,,,,,,-1.445,-0.719,1.298
2018-06-28,0,,0.0,1.0,,,,,,,,,-1.445,0.511,3.755
2018-06-29,0,,0.0,1.0,,,,,,,,,-1.381,7.334,4.164
2018-07-02,0,,0.0,1.0,,,,,,,,,-1.381,4.243,1.54
2018-07-03,0,,0.0,1.0,,,,,,,,,-1.381,2.784,1.342
2018-07-05,0,,0.0,1.0,,,,,,,,,-1.381,1.731,1.331
2018-07-06,1,NFP,0.0,4.297,,,,,,,,,-1.381,0.357,1.137
2018-07-09,0,,0.0,1.0,,,,,,,,,-1.475,-1.01,0.946
2018-07-10,0,,0.0,1.0,,,,,,,,,-1.475,-1.006,1.484
2018-07-11,1,AUCTION,0.0,2.333,,,,,,,,,-1.475,-1.001,0.746
2018-07-12,1,AUCTION,0.0,2.399,,,,,,,,,-1.475,-0.658,0.922
2018-07-13,0,,0.0,1.0,,,,,,,,,-1.212,-0.657,2.171
2018-07-16,0,,0.0,1.0,,,,,,,,,-1.212,1.039,1.255
2018-07-17,0,,0.0,1.0,,,,,,,,,-1.212,0.018,1.244
2018-07-18,0,,0.0,1.0,,,,,,,,,-1.212,-0.66,0.877
2018-07-19,1,AUCTION,0.0,2.348,,,,,,,,,-1.212,-0.659,1.049
2018-07-20,0,,0.0,1.0,,,,,,,,,-1.489,-1.329,1.041
2018-07-23,0,,0.0,1.0,,,,,,,,,-1.489,-1.653,1.211
2018-07-24,0,,0.0,1.0,,,,,,,,,-1.489,-0.642,1.201
2018-07-25,0,,0.0,1.0,,,,,,,,,-1.489,-1.637,1.367
2018-07-26,1,ECB,-0.067,7.888,,,,,-0.292,-0.366,-0.067,0.198,-1.489,-0.631,1.18
2018-07-27,0,,0.0,1.0,,,,,,,,,-1.461,-1.292,1.17
2018-07-30,0,,0.0,1.0,,,,,,,,,-1.461,-1.284,0.985
2018-07-31,0,,0.0,1.0,,,,,,,,,-1.461,0.375,1.153
2018-08-01,1,FOMC,0.143,7.629,0.00,-0.34,-0.56,-0.49,0.010,-0.035,0.143,0.250,-1.461,-1.278,1.493
2018-08-02,0,,0.0,1.0,,,,,,,,,-1.461,-0.285,1.131
2018-08-03,1,NFP,0.0,4.712,,,,,,,,,-1.384,-1.92,2.156
2018-08-06,0,,0.0,1.0,,,,,,,,,-1.384,-1.9,1.788
2018-08-07,0,,0.0,1.0,,,,,,,,,-1.384,-1.561,1.086
2018-08-08,1,AUCTION,0.0,2.423,,,,,,,,,-1.384,-1.228,1.077
2018-08-09,1,AUCTION,0.0,2.42,,,,,,,,,-1.384,-0.257,1.069
2018-08-10,0,,0.0,1.0,,,,,,,,,-1.094,-0.579,1.909
2018-08-13,0,,0.0,1.0,,,,,,,,,-1.094,-0.255,1.551
2018-08-14,0,,0.0,1.0,,,,,,,,,-1.094,0.39,1.536
2018-08-15,0,,0.0,1.0,,,,,,,,,-1.094,1.983,1.354
2018-08-16,0,,0.0,1.0,,,,,,,,,-1.094,1.959,1.007
2018-08-17,0,,0.0,1.0,,,,,,,,,-1.424,-0.905,1.166
2018-08-20,0,,0.0,1.0,,,,,,,,,-1.424,-0.901,0.822
2018-08-21,0,,0.0,1.0,,,,,,,,,-1.424,-0.897,0.983
2018-08-22,0,,0.0,1.0,,,,,,,,,-1.424,-0.893,1.476
2018-08-23,0,,0.0,1.0,,,,,,,,,-1.424,0.371,1.13
2018-08-24,0,,0.0,1.0,,,,,,,,,-1.527,0.684,0.955
2018-08-27,0,,0.0,1.0,,,,,,,,,-1.527,0.679,1.28
2018-08-28,0,,0.0,1.0,,,,,,,,,-1.527,0.675,1.103
2018-08-29,0,,0.0,1.0,,,,,,,,,-1.527,0.042,0.928
2018-08-30,0,,0.0,1.0,,,,,,,,,-1.527,0.04,1.252
2018-08-31,0,,0.0,1.0,,,,,,,,,-0.767,1.605,1.077
2018-09-04,0,,0.0,1.0,,,,,,,,,-0.767,0.657,0.903
2018-09-05,0,,0.0,1.0,,,,,,,,,-0.767,0.653,0.73
2018-09-06,0,,0.0,1.0,,,,,,,,,-0.767,0.337,0.89
2018-09-07,1,NFP,0.0,4.309,,,,,,,,,-1.677,0.334,0.883
2018-09-10,0,,0.0,1.0,,,,,,,,,-1.677,0.332,0.711
2018-09-11,0,,0.0,1.0,,,,,,,,,-1.677,0.329,0.87
2018-09-12,1,AUCTION,0.0,2.513,,,,,,,,,-1.677,0.327,0.698
2018-09-13,1,ECB,-0.225,7.547,,,,,-0.582,-0.654,-0.225,0.204,-1.677,0.324,0.527
2018-09-14,0,,0.0,1.0,,,,,,,,,-1.902,0.634,1.183
2018-09-17,0,,0.0,1.0,,,,,,,,,-1.902,2.172,0.844
2018-09-18,0,,0.0,1.0,,,,,,,,,-1.902,0.305,0.506
2018-09-19,0,,0.0,1.0,,,,,,,,,-1.902,-0.317,0.667
2018-09-20,1,AUCTION,0.0,2.461,,,,,,,,,-1.902,-0.317,0.661
2018-09-21,0,,0.0,1.0,,,,,,,,,-2.014,-0.317,0.656
2018-09-24,0,,0.0,1.0,,,,,,,,,-2.014,0.302,0.816
2018-09-25,0,,0.0,1.0,,,,,,,,,-2.014,-0.32,0.644
2018-09-26,1,FOMC,0.941,7.163,-0.81,-0.51,-0.19,0.33,1.288,1.323,0.941,0.337,-2.014,-0.629,0.638
2018-09-27,0,,0.0,1.0,,,,,,,,,-2.014,-0.936,0.798
2018-09-28,0,,0.0,1.0,,,,,,,,,-1.671,1.835,1.618
2018-10-01,0,,0.0,1.0,,,,,,,,,-1.671,0.905,0.944
2018-10-02,0,,0.0,1.0,,,,,,,,,-1.671,0.287,0.772
2018-10-03,0,,0.0,1.0,,,,,,,,,-1.671,0.284,0.765
2018-10-04,0,,0.0,1.0,,,,,,,,,-1.671,-0.331,0.759
2018-10-05,1,NFP,0.0,3.959,,,,,,,,,-1.417,-0.943,0.918
2018-10-09,0,,0.0,1.0,,,,,,,,,-1.417,-1.243,1.076
2018-10-10,1,AUCTION,0.0,2.432,,,,,,,,,-1.417,-1.235,1.068
2018-10-11,1,AUCTION,0.0,2.367,,,,,,,,,-1.417,-0.623,0.894
2018-10-12,0,,0.0,1.0,,,,,,,,,-0.872,-0.318,0.721
2018-10-15,0,,0.0,1.0,,,,,,,,,-0.872,0.594,0.715
2018-10-16,0,,0.0,1.0,,,,,,,,,-0.872,-0.321,0.875
2018-10-17,0,,0.0,1.0,,,,,,,,,-0.872,-0.625,0.868
2018-10-18,1,AUCTION,0.0,2.15,,,,,,,,,-0.872,-0.32,0.861
2018-10-19,0,,0.0,1.0,,,,,,,,,-1.047,-0.32,0.854
2018-10-22,0,,0.0,1.0,,,,,,,,,-1.047,-0.623,0.847
2018-10-23,0,,0.0,1.0,,,,,,,,,-1.047,-1.225,0.84
2018-10-24,0,,0.0,1.0,,,,,,,,,-1.047,-0.918,0.833
2018-10-25,1,ECB,0.828,6.801,,,,,1.174,1.177,0.828,0.304,-1.047,-0.613,0.826
2018-10-26,0,,0.0,1.0,,,,,,,,,-1.0,-0.611,0.82
2018-10-29,0,,0.0,1.0,,,,,,,,,-1.0,-0.91,0.979
2018-10-30,0,,0.0,1.0,,,,,,,,,-1.0,-0.907,0.805
2018-10-31,0,,0.0,1.0,,,,,,,,,-1.0,0.3,1.131
2018-11-01,0,,0.0,1.0,,,,,,,,,-1.0,0.297,2.754
2018-11-02,1,NFP,0.0,4.792,,,,,,,,,-1.082,1.493,1.092
2018-11-05,0,,0.0,1.0,,,,,,,,,-1.082,0.885,0.919
2018-11-06,1,AUCTION,0.0,2.353,,,,,,,,,-1.082,0.281,0.912
2018-11-07,1,AUCTION,0.0,2.183,,,,,,,,,-1.082,-0.917,0.74
2018-11-08,1,FOMC,-0.734,6.268,0.42,0.69,0.74,0.22,-1.363,-1.510,-0.734,0.144,-1.082,-0.018,0.898
2018-11-09,0,,0.0,1.0,,,,,,,,,-1.338,-0.019,0.891
2018-11-13,0,,0.0,1.0,,,,,,,,,-1.338,-0.319,0.554
2018-11-14,0,,0.0,1.0,,,,,,,,,-1.338,-0.319,0.548
2018-11-15,0,,0.0,1.0,,,,,,,,,-1.338,2.055,0.708
2018-11-16,0,,0.0,1.0,,,,,,,,,-0.742,1.447,0.868
2018-11-19,0,,0.0,1.0,,,,,,,,,-0.742,0.848,0.861
2018-11-20,0,,0.0,1.0,,,,,,,,,-0.742,-0.336,0.688
2018-11-21,1,AUCTION,0.0,2.159,,,,,,,,,-0.742,-0.925,1.014
2018-11-23,0,,0.0,1.0,,,,,,,,,-0.742,0.55,1.006
2018-11-26,0,,0.0,1.0,,,,,,,,,-1.045,-0.337,0.832
2018-11-27,0,,0.0,1.0,,,,,,,,,-1.045,-0.631,0.825
2018-11-28,0,,0.0,1.0,,,,,,,,,-1.045,-0.629,0.985
2018-11-29,0,,0.0,1.0,,,,,,,,,-1.045,0.841,0.81
2018-11-30,0,,0.0,1.0,,,,,,,,,-0.631,1.995,1.138
2018-12-03,0,,0.0,1.0,,,,,,,,,-0.631,0.819,1.629
2018-12-04,0,,0.0,1.0,,,,,,,,,-0.631,1.679,7.488
2018-12-06,0,,0.0,1.0,,,,,,,,,-0.631,3.6,4.069
2018-12-07,1,NFP,0.0,4.964,,,,,,,,,-0.631,2.699,0.613
2018-12-10,0,,0.0,1.0,,,,,,,,,-0.69,0.186,0.464
2018-12-11,0,,0.0,1.0,,,,,,,,,-0.69,-0.372,0.459
2018-12-12,1,AUCTION,0.0,1.875,,,,,,,,,-0.69,-0.094,0.309
2018-12-13,1,ECB,-1.484,6.127,,,,,-2.488,-2.718,-1.484,0.023,-0.69,0.183,0.304
2018-12-14,0,,0.0,1.0,,,,,,,,,-0.894,0.181,0.444
2018-12-17,0,,0.0,1.0,,,,,,,,,-0.894,2.644,0.874
2018-12-18,0,,0.0,1.0,,,,,,,,,-0.894,2.858,0.721
2018-12-19,1,FOMC,0.483,8.593,-0.31,-1.18,-2.50,-3.02,0.522,0.518,0.483,0.313,-0.894,2.282,0.86
2018-12-20,0,,0.0,1.0,,,,,,,,,-0.894,-0.131,0.708
2018-12-21,0,,0.0,1.0,,,,,,,,,-1.265,-0.399,0.847
2018-12-24,0,,0.0,1.0,,,,,,,,,-1.265,-0.132,0.84
2018-12-26,0,,0.0,1.0,,,,,,,,,-1.265,0.668,0.687
2018-12-27,0,,0.0,1.0,,,,,,,,,-1.265,0.663,0.681
2018-12-28,0,,0.0,1.0,,,,,,,,,-1.022,1.19,0.822
2018-12-31,0,,0.0,1.0,,,,,,,,,-1.022,11.068,14.924
2019-01-02,0,,0.0,1.0,,,,,,,,,-1.022,10.407,2.114
2019-01-03,0,,0.0,1.0,,,,,,,,,-1.022,3.847,0.421
2019-01-04,1,NFP,0.0,3.297,,,,,,,,,-0.661,0.384,0.23
2019-01-07,0,,0.0,1.0,,,,,,,,,-0.661,-0.171,0.134
2019-01-08,0,,0.0,1.0,,,,,,,,,-0.661,-0.033,0.132
2019-01-09,1,AUCTION,0.0,1.956,,,,,,,,,-0.661,0.379,0.176
2019-01-10,1,AUCTION,0.0,1.833,,,,,,,,,-0.661,0.101,0.127
2019-01-11,0,,0.0,1.0,,,,,,,,,-0.76,-0.177,0.03
2019-01-14,0,,0.0,1.0,,,,,,,,,-0.76,-0.315,0.122
2019-01-15,0,,0.0,1.0,,,,,,,,,-0.76,0.512,-0.021
2019-01-16,0,,0.0,1.0,,,,,,,,,-0.76,0.095,-0.07
2019-01-17,1,AUCTION,0.0,1.793,,,,,,,,,-0.76,-0.182,0.022
2019-01-18,0,,0.0,1.0,,,,,,,,,-1.255,-0.045,-0.027
2019-01-22,0,,0.0,1.0,,,,,,,,,-1.255,-0.184,0.018
2019-01-23,0,,0.0,1.0,,,,,,,,,-1.255,-0.323,0.063
2019-01-24,1,ECB,-0.344,6.431,,,,,-0.797,-0.884,-0.344,0.215,-1.255,-0.185,0.155
2019-01-25,0,,0.0,1.0,,,,,,,,,-0.742,-0.323,0.106
2019-01-28,0,,0.0,1.0,,,,,,,,,-0.742,-0.461,0.103
2019-01-29,0,,0.0,1.0,,,,,,,,,-0.742,-0.322,0.054
2019-01-30,1,FOMC,-0.492,4.986,-3.83,-3.35,-1.79,0.85,-0.980,-1.105,-0.492,0.161,-0.742,-0.46,0.099
2019-01-31,0,,0.0,1.0,,,,,,,,,-0.742,2.142,0.756
2019-02-01,1,NFP,0.0,3.455,,,,,,,,,-0.856,0.628,0.044
2019-02-04,0,,0.0,1.0,,,,,,,,,-0.856,-0.332,0.089
2019-02-05,0,,0.0,1.0,,,,,,,,,-0.856,-0.332,-0.008
2019-02-06,1,AUCTION,0.0,1.821,,,,,,,,,-0.856,-0.605,-0.01
2019-02-07,1,AUCTION,0.0,1.852,,,,,,,,,-0.856,-0.604,0.082
2019-02-08,0,,0.0,1.0,,,,,,,,,-0.852,-0.739,0.08
2019-02-11,0,,0.0,1.0,,,,,,,,,-0.852,-0.328,0.219
2019-02-12,0,,0.0,1.0,,,,,,,,,-0.852,-0.464,-0.02
2019-02-13,0,,0.0,1.0,,,,,,,,,-0.852,-0.6,0.025
2019-02-14,0,,0.0,1.0,,,,,,,,,-0.852,-0.462,-0.025
2019-02-15,0,,0.0,1.0,,,,,,,,,-1.229,0.083,0.068
2019-02-19,0,,0.0,1.0,,,,,,,,,-1.229,-0.327,-0.029
2019-02-20,0,,0.0,1.0,,,,,,,,,-1.229,-0.463,0.016
2019-02-21,1,AUCTION,0.0,1.966,,,,,,,,,-1.229,-0.463,0.014
2019-02-22,0,,0.0,1.0,,,,,,,,,-1.397,-0.326,-0.036
2019-02-25,0,,0.0,1.0,,,,,,,,,-1.397,-0.598,0.057
2019-02-26,0,,0.0,1.0,,,,,,,,,-1.397,-0.597,0.055
2019-02-27,0,,0.0,1.0,,,,,,,,,-1.397,-0.731,0.1
2019-02-28,0,,0.0,1.0,,,,,,,,,-1.397,2.107,0.573
2019-03-01,0,,0.0,1.0,,,,,,,,,-1.325,-0.598,0.093
2019-03-04,0,,0.0,1.0,,,,,,,,,-1.325,-0.596,0.042
2019-03-05,0,,0.0,1.0,,,,,,,,,-1.325,-0.595,0.04
2019-03-06,0,,0.0,1.0,,,,,,,,,-1.325,-0.594,-0.01
2019-03-07,1,ECB,0.343,6.386,,,,,0.311,0.282,0.343,0.290,-1.325,-0.592,0.083
2019-03-08,1,NFP,0.0,3.521,,,,,,,,,-1.634,-0.457,-0.015
2019-03-11,0,,0.0,1.0,,,,,,,,,-1.634,-0.59,0.03
2019-03-12,1,AUCTION,0.0,2.123,,,,,,,,,-1.634,-0.455,0.028
2019-03-13,1,AUCTION,0.0,2.122,,,,,,,,,-1.634,-0.32,0.025
2019-03-14,0,,0.0,1.0,,,,,,,,,-1.634,-0.051,-0.073
2019-03-15,0,,0.0,1.0,,,,,,,,,-1.678,0.485,0.021
2019-03-18,0,,0.0,1.0,,,,,,,,,-1.678,-0.19,-0.03
2019-03-19,0,,0.0,1.0,,,,,,,,,-1.678,-0.056,0.16
2019-03-20,1,FOMC,-1.247,6.499,-5.99,-7.07,-4.48,-2.38,-2.234,-2.416,-1.247,0.159,-1.678,0.48,0.061
2019-03-21,1,AUCTION,0.0,2.197,,,,,,,,,-1.678,0.074,0.106
2019-03-22,0,,0.0,1.0,,,,,,,,,-1.589,-0.465,-0.041
2019-03-25,0,,0.0,1.0,,,,,,,,,-1.589,-0.33,-0.092
2019-03-26,0,,0.0,1.0,,,,,,,,,-1.589,-0.33,-0.046
2019-03-27,0,,0.0,1.0,,,,,,,,,-1.589,-0.464,0.0
2019-03-28,0,,0.0,1.0,,,,,,,,,-1.589,-0.061,0.094
2019-03-29,0,,0.0,1.0,,,,,,,,,-0.769,2.589,4.276
2019-04-01,0,,0.0,1.0,,,,,,,,,-0.769,0.325,0.348
2019-04-02,0,,0.0,1.0,,,,,,,,,-0.769,0.329,0.073
2019-04-03,0,,0.0,1.0,,,,,,,,,-0.769,0.469,-0.113
2019-04-04,0,,0.0,1.0,,,,,,,,,-0.769,0.335,-0.067
2019-04-05,1,NFP,0.0,3.465,,,,,,,,,-1.208,0.336,-0.067
2019-04-08,0,,0.0,1.0,,,,,,,,,-1.208,0.336,-0.068
2019-04-09,0,,0.0,1.0,,,,,,,,,-1.208,0.203,-0.068
2019-04-10,1,ECB,-0.432,6.335,,,,,-0.904,-1.029,-0.432,0.198,-1.208,0.204,-0.069
2019-04-11,1,AUCTION,0.0,1.98,,,,,,,,,-1.208,0.072,-0.116
2019-04-12,0,,0.0,1.0,,,,,,,,,-0.583,0.073,-0.117
2019-04-15,0,,0.0,1.0,,,,,,,,,-0.583,0.474,-0.024
2019-04-16,0,,0.0,1.0,,,,,,,,,-0.583,0.475,0.209
2019-04-17,0,,0.0,1.0,,,,,,,,,-0.583,0.743,-0.026
2019-04-18,0,,0.0,1.0,,,,,,,,,-0.583,0.608,-0.027
2019-04-22,0,,0.0,1.0,,,,,,,,,-0.143,-0.062,-0.028
2019-04-23,0,,0.0,1.0,,,,,,,,,-0.143,-0.062,-0.029
2019-04-24,0,,0.0,1.0,,,,,,,,,-0.143,-0.33,-0.077
2019-04-25,0,,0.0,1.0,,,,,,,,,-0.143,-0.196,-0.077
2019-04-26,0,,0.0,1.0,,,,,,,,,-0.198,-0.062,0.015
2019-04-29,0,,0.0,1.0,,,,,,,,,-0.198,0.071,0.014
2019-04-30,0,,0.0,1.0,,,,,,,,,-0.198,3.707,0.762
2019-05-01,1,FOMC,0.83,5.37,-4.63,-3.66,-2.15,-0.54,1.122,1.133,0.830,0.334,-0.198,0.836,-0.131
2019-05-02,0,,0.0,1.0,,,,,,,,,-0.198,0.834,-0.038
2019-05-03,1,NFP,0.0,2.71,,,,,,,,,-0.283,0.053,-0.039
2019-05-06,0,,0.0,1.0,,,,,,,,,-0.283,-0.076,-0.087
2019-05-07,0,,0.0,1.0,,,,,,,,,-0.283,0.183,-0.134
2019-05-08,1,AUCTION,0.0,1.674,,,,,,,,,-0.283,0.182,-0.134
2019-05-09,1,AUCTION,0.0,1.625,,,,,,,,,-0.283,0.051,-0.134
2019-05-10,0,,0.0,1.0,,,,,,,,,-0.723,-0.079,-0.181
2019-05-13,0,,0.0,1.0,,,,,,,,,-0.723,-0.338,-0.134
2019-05-14,0,,0.0,1.0,,,,,,,,,-0.723,-0.207,-0.088
2019-05-15,0,,0.0,1.0,,,,,,,,,-0.723,0.703,-0.089
2019-05-16,0,,0.0,1.0,,,,,,,,,-0.723,0.185,-0.136
2019-05-17,0,,0.0,1.0,,,,,,,,,-1.085,0.056,-0.184
2019-05-20,0,,0.0,1.0,,,,,,,,,-1.085,-0.333,-0.137
2019-05-21,0,,0.0,1.0,,,,,,,,,-1.085,-0.461,-0.091
2019-05-22,0,,0.0,1.0,,,,,,,,,-1.085,-0.461,-0.091
2019-05-23,1,AUCTION,0.0,1.907,,,,,,,,,-1.085,-0.464,-0.092
2019-05-24,0,,0.0,1.0,,,,,,,,,-0.836,-0.465,-0.092
2019-05-28,0,,0.0,1.0,,,,,,,,,-0.836,-0.073,-0.092
2019-05-29,0,,0.0,1.0,,,,,,,,,-0.836,-0.202,-0.046
2019-05-30,0,,0.0,1.0,,,,,,,,,-0.836,-0.202,0.001
2019-05-31,0,,0.0,1.0,,,,,,,,,0.691,0.838,-0.656
2019-06-03,0,,0.0,1.0,,,,,,,,,0.691,-0.07,-0.09
2019-06-04,0,,0.0,1.0,,,,,,,,,0.691,-0.196,-0.137
2019-06-05,0,,0.0,1.0,,,,,,,,,0.691,-0.061,-0.184
2019-06-06,1,ECB,0.995,5.581,,,,,1.266,1.371,0.995,0.370,0.691,0.071,-0.138
2019-06-07,1,NFP,0.0,3.154,,,,,,,,,-1.046,-0.059,-0.091
2019-06-10,0,,0.0,1.0,,,,,,,,,-1.046,-0.06,-0.139
2019-06-11,0,,0.0,1.0,,,,,,,,,-1.046,-0.192,-0.093
2019-06-12,1,AUCTION,0.0,1.892,,,,,,,,,-1.046,-0.324,-0.047
2019-06-13,1,AUCTION,0.0,1.892,,,,,,,,,-1.046,-0.588,-0.0
2019-06-14,0,,0.0,1.0,,,,,,,,,-0.589,-0.455,-0.189
2019-06-17,0,,0.0,1.0,,,,,,,,,-0.589,0.069,-0.095
2019-06-18,0,,0.0,1.0,,,,,,,,,-0.589,-0.063,-0.095
2019-06-19,1,FOMC,-0.977,5.065,-7.57,-5.95,-3.97,-2.31,-1.730,-1.954,-0.977,0.166,-0.589,-0.457,-0.049
2019-06-20,0,,0.0,1.0,,,,,,,,,-0.589,-0.458,-0.096
2019-06-21,1,AUCTION,0.0,2.25,,,,,,,,,-2.251,-0.461,-0.051
2019-06-24,0,,0.0,1.0,,,,,,,,,-2.251,-0.201,-0.051
2019-06-25,0,,0.0,1.0,,,,,,,,,-2.251,0.061,-0.051
2019-06-26,0,,0.0,1.0,,,,,,,,,-2.251,0.322,-0.005
2019-06-27,0,,0.0,1.0,,,,,,,,,-2.251,0.187,0.041
2019-06-28,0,,0.0,1.0,,,,,,,,,-0.466,0.972,1.812
2019-07-01,0,,0.0,1.0,,,,,,,,,-0.466,0.049,5.61
2019-07-02,0,,0.0,1.0,,,,,,,,,-0.466,1.119,1.915
2019-07-03,0,,0.0,1.0,,,,,,,,,-0.466,1.648,0.176
2019-07-05,1,NFP,0.0,4.032,,,,,,,,,-0.466,1.898,0.088
2019-07-08,0,,0.0,1.0,,,,,,,,,-0.327,0.576,-0.13
2019-07-09,0,,0.0,1.0,,,,,,,,,-0.327,0.179,-0.001
2019-07-10,1,AUCTION,0.0,1.738,,,,,,,,,-0.327,0.308,-0.089
2019-07-11,1,AUCTION,0.0,1.623,,,,,,,,,-0.327,-0.223,-0.046
2019-07-12,0,,0.0,1.0,,,,,,,,,-0.88,-0.619,0.083
2019-07-15,0,,0.0,1.0,,,,,,,,,-0.88,0.435,-0.048
2019-07-16,0,,0.0,1.0,,,,,,,,,-0.88,0.431,-0.092
2019-07-17,0,,0.0,1.0,,,,,,,,,-0.88,0.43,-0.005
2019-07-18,1,AUCTION,0.0,1.955,,,,,,,,,-0.88,0.296,0.037
2019-07-19,0,,0.0,1.0,,,,,,,,,-1.193,-0.366,-0.051
2019-07-22,0,,0.0,1.0,,,,,,,,,-1.193,-0.367,-0.095
2019-07-23,0,,0.0,1.0,,,,,,,,,-1.193,-0.369,-0.096
2019-07-24,0,,0.0,1.0,,,,,,,,,-1.193,-0.239,-0.01
2019-07-25,1,ECB,-0.478,6.307,,,,,-0.950,-1.063,-0.478,0.157,-1.193,-0.108,-0.011
2019-07-26,0,,0.0,1.0,,,,,,,,,-2.377,-0.244,-0.011
2019-07-29,0,,0.0,1.0,,,,,,,,,-2.377,-0.377,-0.056
2019-07-30,0,,0.0,1.0,,,,,,,,,-2.377,-0.379,-0.056
2019-07-31,1,FOMC,0.846,8.704,2.50,0.17,-1.04,-2.38,1.065,1.130,0.846,0.367,-2.377,1.6,0.333
2019-08-01,0,,0.0,1.0,,,,,,,,,-2.377,0.273,-0.059
2019-08-02,1,NFP,0.0,3.918,,,,,,,,,-3.018,0.269,-0.06
2019-08-05,0,,0.0,1.0,,,,,,,,,-3.018,-0.394,-0.017
2019-08-06,0,,0.0,1.0,,,,,,,,,-3.018,-0.661,-0.06
2019-08-07,1,AUCTION,0.0,2.25,,,,,,,,,-3.018,-0.664,-0.104
2019-08-08,1,AUCTION,0.0,2.26,,,,,,,,,-3.018,-0.798,0.026
2019-08-09,0,,0.0,1.0,,,,,,,,,-1.33,-0.533,-0.062
2019-08-12,0,,0.0,1.0,,,,,,,,,-1.33,-0.4,-0.063
2019-08-13,0,,0.0,1.0,,,,,,,,,-1.33,0.13,0.024
2019-08-14,0,,0.0,1.0,,,,,,,,,-1.33,-0.27,-0.063
2019-08-15,0,,0.0,1.0,,,,,,,,,-1.33,0.261,0.024
2019-08-16,0,,0.0,1.0,,,,,,,,,-1.241,-0.401,-0.064
2019-08-19,0,,0.0,1.0,,,,,,,,,-1.241,-0.663,-0.108
2019-08-20,0,,0.0,1.0,,,,,,,,,-1.241,-0.398,-0.108
2019-08-21,0,,0.0,1.0,,,,,,,,,-1.241,-0.664,-0.066
2019-08-22,1,AUCTION,0.0,1.965,,,,,,,,,-1.241,-0.797,-0.11
2019-08-23,0,,0.0,1.0,,,,,,,,,-0.566,-0.663,-0.153
2019-08-26,0,,0.0,1.0,,,,,,,,,-0.566,-0.661,-0.11
2019-08-27,0,,0.0,1.0,,,,,,,,,-0.566,0.005,-0.024
2019-08-28,0,,0.0,1.0,,,,,,,,,-0.566,-0.393,-0.067
2019-08-29,0,,0.0,1.0,,,,,,,,,-0.566,-0.391,-0.068
2019-08-30,0,,0.0,1.0,,,,,,,,,0.036,0.007,0.062
2019-09-03,0,,0.0,1.0,,,,,,,,,0.036,0.138,0.321
2019-09-04,0,,0.0,1.0,,,,,,,,,0.036,0.669,0.102
2019-09-05,0,,0.0,1.0,,,,,,,,,0.036,0.666,-0.073
2019-09-06,1,NFP,0.0,3.277,,,,,,,,,-1.241,0.002,-0.031
2019-09-09,0,,0.0,1.0,,,,,,,,,-1.241,-0.528,-0.031
2019-09-10,0,,0.0,1.0,,,,,,,,,-1.241,-0.262,-0.076
2019-09-11,1,AUCTION,0.0,1.965,,,,,,,,,-1.241,-0.129,-0.033
2019-09-12,1,ECB,-0.296,6.918,,,,,-0.660,-0.760,-0.296,0.200,-1.241,0.532,-0.034
2019-09-13,0,,0.0,1.0,,,,,,,,,-0.966,0.397,0.182
2019-09-16,0,,0.0,1.0,,,,,,,,,-0.966,1.965,7.644
2019-09-17,0,,0.0,1.0,,,,,,,,,-0.966,14.564,10.301
2019-09-18,1,FOMC,-0.173,13.87,4.11,2.84,2.00,0.79,-0.491,-0.562,-0.173,0.206,-0.966,1.282,6.026
2019-09-19,1,AUCTION,0.0,2.232,,,,,,,,,-0.966,0.033,0.952
2019-09-20,0,,0.0,1.0,,,,,,,,,1.701,-0.415,0.072
2019-09-23,0,,0.0,1.0,,,,,,,,,1.701,-0.464,0.15
2019-09-24,0,,0.0,1.0,,,,,,,,,1.701,0.083,-0.143
2019-09-25,0,,0.0,1.0,,,,,,,,,1.701,0.331,0.069
2019-09-26,0,,0.0,1.0,,,,,,,,,1.701,-0.218,-0.039
2019-09-27,0,,0.0,1.0,,,,,,,,,0.759,-0.268,-0.146
2019-09-30,0,,0.0,1.0,,,,,,,,,0.759,2.002,1.728
2019-10-01,0,,0.0,1.0,,,,,,,,,0.759,-0.224,-0.074
2019-10-02,0,,0.0,1.0,,,,,,,,,0.759,-0.223,-0.18
2019-10-03,0,,0.0,1.0,,,,,,,,,0.759,-0.173,-0.207
2019-10-04,1,NFP,0.0,3.022,,,,,,,,,0.836,-0.222,-0.207
2019-10-07,0,,0.0,1.0,,,,,,,,,0.836,-0.173,-0.207
2019-10-08,0,,0.0,1.0,,,,,,,,,0.836,-0.075,-0.181
2019-10-09,1,AUCTION,0.0,1.813,,,,,,,,,0.836,-0.076,-0.207
2019-10-10,1,AUCTION,0.0,1.813,,,,,,,,,0.836,-0.078,-0.181
2019-10-11,1,FOMC,0.748,4.582,,,,,1.046,1.066,0.748,0.236,-0.358,-0.078,-0.208
2019-10-15,0,,0.0,1.0,,,,,,,,,-0.358,0.266,0.531
2019-10-16,0,,0.0,1.0,,,,,,,,,-0.358,0.511,-0.132
2019-10-17,0,,0.0,1.0,,,,,,,,,-0.358,0.262,-0.132
2019-10-18,0,,0.0,1.0,,,,,,,,,-0.969,-0.086,-0.159
2019-10-21,0,,0.0,1.0,,,,,,,,,-0.969,-0.185,-0.186
2019-10-22,0,,0.0,1.0,,,,,,,,,-0.969,-0.136,-0.16
2019-10-23,0,,0.0,1.0,,,,,,,,,-0.969,-0.136,-0.16
2019-10-24,1,ECB,0.443,6.005,,,,,0.492,0.478,0.443,0.274,-0.969,-0.187,-0.107
2019-10-25,0,,0.0,1.0,,,,,,,,,-0.467,-0.187,-0.187
2019-10-28,0,,0.0,1.0,,,,,,,,,-0.467,-0.286,-0.161
2019-10-29,0,,0.0,1.0,,,,,,,,,-0.467,-0.286,-0.188
2019-10-30,1,FOMC,-0.728,4.801,1.60,1.14,-0.35,-1.02,-1.401,-1.538,-0.728,0.162,-0.467,-0.237,-0.188
2019-10-31,0,,0.0,1.0,,,,,,,,,-0.467,0.65,0.155
2019-11-01,1,NFP,0.0,3.327,,,,,,,,,-1.324,-0.191,-0.216
2019-11-04,0,,0.0,1.0,,,,,,,,,-1.324,-0.24,-0.188
2019-11-05,0,,0.0,1.0,,,,,,,,,-1.324,-0.141,-0.215
2019-11-06,1,AUCTION,0.0,1.996,,,,,,,,,-1.324,-0.14,-0.215
2019-11-07,1,AUCTION,0.0,1.996,,,,,,,,,-1.324,-0.189,-0.188
2019-11-08,0,,0.0,1.0,,,,,,,,,-0.4,-0.19,-0.215
2019-11-12,0,,0.0,1.0,,,,,,,,,-0.4,-0.141,-0.188
2019-11-13,0,,0.0,1.0,,,,,,,,,-0.4,-0.141,-0.189
2019-11-14,0,,0.0,1.0,,,,,,,,,-0.4,-0.092,-0.189
2019-11-15,0,,0.0,1.0,,,,,,,,,0.745,-0.043,-0.242
2019-11-18,0,,0.0,1.0,,,,,,,,,0.745,-0.191,-0.216
2019-11-19,0,,0.0,1.0,,,,,,,,,0.745,-0.14,-0.242
2019-11-20,0,,0.0,1.0,,,,,,,,,0.745,-0.14,-0.216
2019-11-21,1,AUCTION,0.0,1.779,,,,,,,,,0.745,-0.091,-0.216
2019-11-22,0,,0.0,1.0,,,,,,,,,0.394,-0.092,-0.216
2019-11-25,0,,0.0,1.0,,,,,,,,,0.394,-0.191,-0.189
2019-11-26,0,,0.0,1.0,,,,,,,,,0.394,-0.289,-0.163
2019-11-27,0,,0.0,1.0,,,,,,,,,0.394,-0.24,-0.242
2019-11-29,0,,0.0,1.0,,,,,,,,,0.394,0.204,-0.136
2019-12-02,0,,0.0,1.0,,,,,,,,,0.411,0.104,-0.216
2019-12-03,0,,0.0,1.0,,,,,,,,,0.411,-0.241,-0.242
2019-12-04,0,,0.0,1.0,,,,,,,,,0.411,-0.29,-0.241
2019-12-05,0,,0.0,1.0,,,,,,,,,0.411,-0.239,-0.237
2019-12-06,1,NFP,0.0,3.181,,,,,,,,,-1.09,-0.236,-0.208
2019-12-09,0,,0.0,1.0,,,,,,,,,-1.09,-0.184,-0.234
2019-12-10,1,AUCTION,0.0,1.909,,,,,,,,,-1.09,-0.234,-0.234
2019-12-11,1,FOMC,0.402,5.375,-0.81,-0.75,-0.17,0.35,0.431,0.412,0.402,0.275,-1.09,-0.283,-0.234
2019-12-12,1,ECB,0.531,6.109,,,,,0.783,0.745,0.531,0.200,-1.09,-0.332,-0.208
2019-12-13,0,,0.0,1.0,,,,,,,,,-0.184,-0.282,-0.208
2019-12-16,0,,0.0,1.0,,,,,,,,,-0.184,0.064,-0.208
2019-12-17,0,,0.0,1.0,,,,,,,,,-0.184,-0.28,-0.261
2019-12-18,0,,0.0,1.0,,,,,,,,,-0.184,-0.327,-0.208
2019-12-19,0,,0.0,1.0,,,,,,,,,-0.184,-0.324,-0.207
2019-12-20,0,,0.0,1.0,,,,,,,,,0.024,-0.324,-0.234
2019-12-23,0,,0.0,1.0,,,,,,,,,0.024,-0.373,-0.207
2019-12-24,0,,0.0,1.0,,,,,,,,,0.024,-0.372,-0.207
2019-12-26,0,,0.0,1.0,,,,,,,,,0.024,-0.37,-0.207
2019-12-27,0,,0.0,1.0,,,,,,,,,0.024,-0.32,-0.233
2019-12-30,0,,0.0,1.0,,,,,,,,,1.462,-0.269,-0.18
2019-12-31,0,,0.0,1.0,,,,,,,,,1.462,-0.211,0.815
2020-01-02,0,,0.0,1.0,,,,,,,,,1.462,-0.252,-0.232
2020-01-03,1,NFP,0.0,3.414,,,,,,,,,1.462,-0.195,-0.231
2020-01-06,0,,0.0,1.0,,,,,,,,,2.254,-0.194,-0.23
2020-01-07,0,,0.0,1.0,,,,,,,,,2.254,-0.142,-0.23
2020-01-08,1,AUCTION,0.0,2.25,,,,,,,,,2.254,-0.193,-0.23
2020-01-09,1,AUCTION,0.0,2.25,,,,,,,,,2.254,-0.192,-0.229
2020-01-10,0,,0.0,1.0,,,,,,,,,2.052,-0.14,-0.26
2020-01-13,0,,0.0,1.0,,,,,,,,,2.052,-0.192,-0.229
2020-01-14,0,,0.0,1.0,,,,,,,,,2.052,-0.14,-0.26
2020-01-15,0,,0.0,1.0,,,,,,,,,2.052,-0.088,-0.26
2020-01-16,0,,0.0,1.0,,,,,,,,,2.052,-0.139,-0.291
2020-01-17,0,,0.0,1.0,,,,,,,,,1.129,-0.242,-0.259
2020-01-21,0,,0.0,1.0,,,,,,,,,1.129,-0.241,-0.259
2020-01-22,0,,0.0,1.0,,,,,,,,,1.129,-0.241,-0.259
2020-01-23,1,ECB,-0.423,6.1,,,,,-0.911,-1.024,-0.423,0.220,1.129,-0.241,-0.29
2020-01-24,0,,0.0,1.0,,,,,,,,,0.664,-0.292,-0.258
2020-01-27,0,,0.0,1.0,,,,,,,,,0.664,-0.291,-0.258
2020-01-28,0,,0.0,1.0,,,,,,,,,0.664,-0.291,-0.258
2020-01-29,1,FOMC,-0.26,4.983,0.20,-0.33,-0.86,-0.54,-0.635,-0.723,-0.260,0.204,0.664,-0.291,-0.257
2020-01-30,0,,0.0,1.0,,,,,,,,,0.664,-0.291,-0.257
2020-01-31,0,,0.0,1.0,,,,,,,,,1.408,-0.132,-0.193
2020-02-03,0,,0.0,1.0,,,,,,,,,1.408,-0.182,-0.193
2020-02-04,0,,0.0,1.0,,,,,,,,,1.408,-0.131,-0.193
2020-02-05,0,,0.0,1.0,,,,,,,,,1.408,-0.183,-0.193
2020-02-06,0,,0.0,1.0,,,,,,,,,1.408,-0.183,-0.224
2020-02-07,1,NFP,0.0,3.256,,,,,,,,,1.21,-0.183,-0.224
2020-02-10,0,,0.0,1.0,,,,,,,,,1.21,-0.184,-0.224
2020-02-11,0,,0.0,1.0,,,,,,,,,1.21,-0.184,-0.192
2020-02-12,1,AUCTION,0.0,1.954,,,,,,,,,1.21,-0.236,-0.223
2020-02-13,1,AUCTION,0.0,1.954,,,,,,,,,1.21,-0.236,-0.223
2020-02-14,0,,0.0,1.0,,,,,,,,,1.553,-0.185,-0.223
2020-02-18,0,,0.0,1.0,,,,,,,,,1.553,-0.132,-0.223
2020-02-19,0,,0.0,1.0,,,,,,,,,1.553,-0.184,-0.223
2020-02-20,1,AUCTION,0.0,2.082,,,,,,,,,1.553,-0.133,-0.223
2020-02-21,0,,0.0,1.0,,,,,,,,,2.295,-0.185,-0.222
2020-02-24,0,,0.0,1.0,,,,,,,,,2.295,-0.185,-0.222
2020-02-25,0,,0.0,1.0,,,,,,,,,2.295,-0.134,-0.222
2020-02-26,0,,0.0,1.0,,,,,,,,,2.295,-0.186,-0.191
2020-02-27,0,,0.0,1.0,,,,,,,,,2.295,-0.186,-0.191
2020-02-28,0,,0.0,1.0,,,,,,,,,2.266,-0.08,-0.189
2020-03-02,0,,0.0,1.0,,,,,,,,,2.266,-0.184,-0.035
2020-03-03,1,FOMC,-1.148,6.187,-10.08,-5.57,-3.26,-1.66,-1.881,-2.224,-1.148,0.140,2.266,0.074,-0.035
2020-03-04,0,,0.0,1.0,,,,,,,,,2.266,0.537,-0.128
2020-03-05,0,,0.0,1.0,,,,,,,,,2.266,-0.034,-0.16
2020-03-06,1,NFP,0.0,3.276,,,,,,,,,1.242,-0.138,-0.19
2020-03-09,0,,0.0,1.0,,,,,,,,,1.242,-0.19,-0.159
2020-03-10,0,,0.0,1.0,,,,,,,,,1.242,-0.088,-0.19
2020-03-11,1,AUCTION,0.0,2.01,,,,,,,,,1.242,0.118,-0.159
2020-03-12,1,ECB,-2.454,6.276,,,,,-3.468,-3.762,-2.454,-1.282,1.242,0.324,0.118
2020-03-13,0,,0.0,1.0,,,,,,,,,1.405,-0.194,-0.192
2020-03-16,1,FOMC,0.519,11.159,-0.20,-2.22,-1.29,-0.92,0.594,0.607,0.519,0.300,1.405,-0.141,4.596
2020-03-17,0,,0.0,1.0,,,,,,,,,1.405,1.301,0.8
2020-03-18,0,,0.0,1.0,,,,,,,,,1.405,-0.969,0.384
2020-03-19,1,AUCTION,0.0,2.048,,,,,,,,,1.405,-0.911,0.057
2020-03-20,0,,0.0,1.0,,,,,,,,,1.403,-0.753,-0.149
2020-03-23,1,FOMC,-0.483,5.238,-2.41,-5.26,-8.86,-10.56,-1.129,-1.222,-0.483,0.299,1.403,-0.852,-0.032
2020-03-24,0,,0.0,1.0,,,,,,,,,1.403,-0.747,-0.003
2020-03-25,0,,0.0,1.0,,,,,,,,,1.403,-0.642,0.055
2020-03-26,0,,0.0,1.0,,,,,,,,,1.403,-0.639,0.083
2020-03-27,0,,0.0,1.0,,,,,,,,,0.689,-0.637,-0.006
2020-03-30,0,,0.0,1.0,,,,,,,,,0.689,-0.58,-0.055
2020-03-31,1,FOMC,1.002,4.314,-0.20,-0.16,0.16,0.11,1.385,1.432,1.002,0.350,0.689,-0.526,-0.085
2020-04-01,0,,0.0,1.0,,,,,,,,,0.689,-0.421,-0.085
2020-04-02,0,,0.0,1.0,,,,,,,,,0.689,-0.368,-0.085
2020-04-03,1,NFP,0.0,3.572,,,,,,,,,1.716,-0.366,-0.116
2020-04-06,0,,0.0,1.0,,,,,,,,,1.716,-0.364,-0.146
2020-04-07,1,AUCTION,0.0,2.143,,,,,,,,,1.716,-0.362,-0.116
2020-04-08,1,AUCTION,0.0,2.143,,,,,,,,,1.716,-0.36,-0.117
2020-04-09,0,,0.0,1.0,,,,,,,,,1.716,-0.359,-0.117
2020-04-13,0,,0.0,1.0,,,,,,,,,2.014,-0.306,-0.118
2020-04-14,0,,0.0,1.0,,,,,,,,,2.014,-0.101,-0.118
2020-04-15,0,,0.0,1.0,,,,,,,,,2.014,-0.253,-0.118
2020-04-16,0,,0.0,1.0,,,,,,,,,2.014,-0.251,-0.178
2020-04-17,0,,0.0,1.0,,,,,,,,,1.91,-0.249,-0.178
2020-04-20,0,,0.0,1.0,,,,,,,,,1.91,-0.298,-0.178
2020-04-21,0,,0.0,1.0,,,,,,,,,1.91,-0.348,-0.208
2020-04-22,0,,0.0,1.0,,,,,,,,,1.91,-0.347,-0.237
2020-04-23,0,,0.0,1.0,,,,,,,,,1.91,-0.295,-0.207
2020-04-24,0,,0.0,1.0,,,,,,,,,1.903,-0.243,-0.177
2020-04-27,0,,0.0,1.0,,,,,,,,,1.903,-0.192,-0.177
2020-04-28,0,,0.0,1.0,,,,,,,,,1.903,-0.293,-0.147
2020-04-29,1,FOMC,-1.418,5.992,0.20,1.27,1.58,1.75,-2.382,-2.636,-1.418,0.014,1.903,-0.287,-0.205
2020-04-30,1,ECB,-0.606,6.683,,,,,-1.151,-1.280,-0.606,0.110,1.903,-0.182,-0.205
2020-05-01,0,,0.0,1.0,,,,,,,,,1.924,-0.231,-0.175
2020-05-04,0,,0.0,1.0,,,,,,,,,1.924,-0.128,-0.175
2020-05-05,0,,0.0,1.0,,,,,,,,,1.924,-0.128,-0.205
2020-05-06,0,,0.0,1.0,,,,,,,,,1.924,-0.127,-0.205
2020-05-07,0,,0.0,1.0,,,,,,,,,1.924,-0.126,-0.206
2020-05-08,1,NFP,0.0,3.165,,,,,,,,,1.064,-0.074,-0.206
2020-05-11,0,,0.0,1.0,,,,,,,,,1.064,-0.074,-0.206
2020-05-12,1,AUCTION,0.0,1.899,,,,,,,,,1.064,-0.074,-0.206
2020-05-13,1,AUCTION,0.0,1.899,,,,,,,,,1.064,-0.176,-0.176
2020-05-14,0,,0.0,1.0,,,,,,,,,1.064,-0.277,-0.206
2020-05-15,0,,0.0,1.0,,,,,,,,,0.77,-0.122,-0.206
2020-05-18,0,,0.0,1.0,,,,,,,,,0.77,-0.173,-0.207
2020-05-19,0,,0.0,1.0,,,,,,,,,0.77,-0.172,-0.207
2020-05-20,1,AUCTION,0.0,1.789,,,,,,,,,0.77,-0.325,-0.207
2020-05-21,1,AUCTION,0.0,1.789,,,,,,,,,0.77,-0.274,-0.266
2020-05-22,0,,0.0,1.0,,,,,,,,,0.586,-0.171,-0.206
2020-05-26,0,,0.0,1.0,,,,,,,,,0.586,-0.069,-0.206
2020-05-27,0,,0.0,1.0,,,,,,,,,0.586,-0.069,-0.236
2020-05-28,0,,0.0,1.0,,,,,,,,,0.586,-0.069,-0.176
2020-05-29,0,,0.0,1.0,,,,,,,,,1.478,-0.069,-0.176
2020-06-01,0,,0.0,1.0,,,,,,,,,1.478,-0.067,-0.208
2020-06-02,0,,0.0,1.0,,,,,,,,,1.478,-0.067,-0.238
2020-06-03,0,,0.0,1.0,,,,,,,,,1.478,-0.118,-0.208
2020-06-04,1,ECB,-0.343,6.248,,,,,-0.685,-0.799,-0.343,0.152,1.478,-0.067,-0.238
2020-06-05,1,NFP,0.0,2.539,,,,,,,,,0.062,-0.117,-0.238
2020-06-08,0,,0.0,1.0,,,,,,,,,0.062,-0.117,-0.208
2020-06-09,1,AUCTION,0.0,1.523,,,,,,,,,0.062,-0.065,-0.238
2020-06-10,1,FOMC,-0.2,4.181,-0.99,-1.75,-0.57,1.50,-0.526,-0.606,-0.200,0.195,0.062,-0.168,-0.238
2020-06-11,1,AUCTION,0.0,1.523,,,,,,,,,0.062,-0.116,-0.267
2020-06-12,0,,0.0,1.0,,,,,,,,,1.474,-0.117,-0.237
2020-06-15,0,,0.0,1.0,,,,,,,,,1.474,-0.117,-0.237
2020-06-16,0,,0.0,1.0,,,,,,,,,1.474,-0.116,-0.237
2020-06-17,1,AUCTION,0.0,2.053,,,,,,,,,1.474,-0.116,-0.267
2020-06-18,0,,0.0,1.0,,,,,,,,,1.474,-0.116,-0.266
2020-06-19,0,,0.0,1.0,,,,,,,,,1.1,-0.116,-0.266
2020-06-22,0,,0.0,1.0,,,,,,,,,1.1,-0.117,-0.236
2020-06-23,0,,0.0,1.0,,,,,,,,,1.1,-0.167,-0.236
2020-06-24,0,,0.0,1.0,,,,,,,,,1.1,-0.115,-0.265
2020-06-25,0,,0.0,1.0,,,,,,,,,1.1,-0.063,-0.265
2020-06-26,0,,0.0,1.0,,,,,,,,,1.649,-0.114,-0.234
2020-06-29,0,,0.0,1.0,,,,,,,,,1.649,-0.112,-0.23
2020-06-30,0,,0.0,1.0,,,,,,,,,1.649,-0.009,-0.251
2020-07-01,0,,0.0,1.0,,,,,,,,,1.649,0.044,-0.307
2020-07-02,0,,0.0,1.0,,,,,,,,,1.649,-0.005,-0.275
2020-07-06,0,,0.0,1.0,,,,,,,,,1.679,-0.053,-0.212
2020-07-07,0,,0.0,1.0,,,,,,,,,1.679,-0.052,-0.212
2020-07-08,1,AUCTION,0.0,2.13,,,,,,,,,1.679,-0.051,-0.242
2020-07-09,1,AUCTION,0.0,2.13,,,,,,,,,1.679,-0.05,-0.242
2020-07-10,0,,0.0,1.0,,,,,,,,,1.764,-0.05,-0.272
2020-07-13,0,,0.0,1.0,,,,,,,,,1.764,-0.051,-0.241
2020-07-14,0,,0.0,1.0,,,,,,,,,1.764,0.001,-0.271
2020-07-15,0,,0.0,1.0,,,,,,,,,1.764,0.054,-0.209
2020-07-16,1,ECB,1.091,6.628,,,,,1.450,1.503,1.091,0.399,1.764,0.003,-0.301
2020-07-17,0,,0.0,1.0,,,,,,,,,1.796,0.055,-0.3
2020-07-20,0,,0.0,1.0,,,,,,,,,1.796,0.003,-0.299
2020-07-21,0,,0.0,1.0,,,,,,,,,1.796,-0.049,-0.267
2020-07-22,1,AUCTION,0.0,2.174,,,,,,,,,1.796,-0.049,-0.236
2020-07-23,1,AUCTION,0.0,2.174,,,,,,,,,1.796,-0.049,-0.235
2020-07-24,0,,0.0,1.0,,,,,,,,,1.752,-0.049,-0.266
2020-07-27,0,,0.0,1.0,,,,,,,,,1.752,-0.1,-0.265
2020-07-28,0,,0.0,1.0,,,,,,,,,1.752,-0.1,-0.264
2020-07-29,1,FOMC,0.211,5.868,-0.29,-0.95,-0.98,-0.59,0.115,0.079,0.211,0.259,1.752,-0.151,-0.233
2020-07-30,0,,0.0,1.0,,,,,,,,,1.752,-0.097,-0.293
2020-07-31,0,,0.0,1.0,,,,,,,,,1.796,-0.096,-0.23
2020-08-03,0,,0.0,1.0,,,,,,,,,1.796,-0.095,-0.291
2020-08-04,0,,0.0,1.0,,,,,,,,,1.796,-0.146,-0.26
2020-08-05,0,,0.0,1.0,,,,,,,,,1.796,-0.146,-0.259
2020-08-06,0,,0.0,1.0,,,,,,,,,1.796,-0.146,-0.228
2020-08-07,1,NFP,0.0,3.75,,,,,,,,,2.043,-0.147,-0.227
2020-08-10,0,,0.0,1.0,,,,,,,,,2.043,-0.147,-0.226
2020-08-11,0,,0.0,1.0,,,,,,,,,2.043,-0.095,-0.288
2020-08-12,1,AUCTION,0.0,2.25,,,,,,,,,2.043,-0.146,-0.256
2020-08-13,1,AUCTION,0.0,2.25,,,,,,,,,2.043,-0.145,-0.255
2020-08-14,0,,0.0,1.0,,,,,,,,,1.579,-0.144,-0.254
2020-08-17,0,,0.0,1.0,,,,,,,,,1.579,-0.093,-0.253
2020-08-18,0,,0.0,1.0,,,,,,,,,1.579,-0.093,-0.253
2020-08-19,1,AUCTION,0.0,2.092,,,,,,,,,1.579,-0.093,-0.252
2020-08-20,1,AUCTION,0.0,2.092,,,,,,,,,1.579,-0.196,-0.252
2020-08-21,0,,0.0,1.0,,,,,,,,,2.024,-0.196,-0.251
2020-08-24,0,,0.0,1.0,,,,,,,,,2.024,-0.145,-0.282
2020-08-25,0,,0.0,1.0,,,,,,,,,2.024,-0.145,-0.25
2020-08-26,0,,0.0,1.0,,,,,,,,,2.024,-0.196,-0.249
2020-08-27,1,FOMC,1.851,5.367,-0.30,-0.48,-0.98,-1.03,2.652,2.796,1.851,0.503,2.024,-0.144,-0.249
2020-08-28,0,,0.0,1.0,,,,,,,,,2.51,-0.195,-0.248
2020-08-31,0,,0.0,1.0,,,,,,,,,2.51,-0.091,-0.216
2020-09-01,0,,0.0,1.0,,,,,,,,,2.51,-0.091,-0.276
2020-09-02,0,,0.0,1.0,,,,,,,,,2.51,-0.089,-0.275
2020-09-03,0,,0.0,1.0,,,,,,,,,2.51,-0.036,-0.305
2020-09-04,1,NFP,0.0,3.75,,,,,,,,,2.251,-0.087,-0.242
2020-09-08,0,,0.0,1.0,,,,,,,,,2.251,-0.087,-0.211
2020-09-09,1,AUCTION,0.0,2.25,,,,,,,,,2.251,-0.087,-0.241
2020-09-10,1,ECB,0.609,6.68,,,,,0.703,0.726,0.609,0.321,2.251,-0.087,-0.21
2020-09-11,0,,0.0,1.0,,,,,,,,,1.758,-0.085,-0.24
2020-09-14,0,,0.0,1.0,,,,,,,,,1.758,-0.084,-0.238
2020-09-15,1,AUCTION,0.0,2.159,,,,,,,,,1.758,-0.029,-0.231
2020-09-16,1,FOMC,-2.117,6.021,-0.20,0.08,0.98,1.81,-3.459,-3.772,-2.117,-0.120,1.758,0.116,-0.283
2020-09-17,1,AUCTION,0.0,2.215,,,,,,,,,1.758,0.147,-0.361
2020-09-18,0,,0.0,1.0,,,,,,,,,1.53,-0.05,-0.354
2020-09-21,0,,0.0,1.0,,,,,,,,,1.53,-0.255,-0.268
2020-09-22,0,,0.0,1.0,,,,,,,,,1.53,-0.46,-0.346
2020-09-23,0,,0.0,1.0,,,,,,,,,1.53,-0.656,-0.262
2020-09-24,0,,0.0,1.0,,,,,,,,,1.53,-0.447,-0.423
2020-09-25,0,,0.0,1.0,,,,,,,,,1.856,-0.241,-0.337
2020-09-28,0,,0.0,1.0,,,,,,,,,1.856,-0.241,-0.336
2020-09-29,0,,0.0,1.0,,,,,,,,,1.856,-0.501,-0.335
2020-09-30,0,,0.0,1.0,,,,,,,,,1.856,-0.249,-0.332
2020-10-01,0,,0.0,1.0,,,,,,,,,1.856,-0.248,-0.42
2020-10-02,1,NFP,0.0,3.829,,,,,,,,,1.871,0.256,-0.507
2020-10-05,0,,0.0,1.0,,,,,,,,,1.871,0.004,-0.327
2020-10-06,0,,0.0,1.0,,,,,,,,,1.871,0.256,-0.415
2020-10-07,1,AUCTION,0.0,2.204,,,,,,,,,1.871,0.007,-0.324
2020-10-08,1,AUCTION,0.0,2.202,,,,,,,,,1.871,-0.241,-0.412
2020-10-09,0,,0.0,1.0,,,,,,,,,1.693,0.014,-0.41
2020-10-13,0,,0.0,1.0,,,,,,,,,1.693,0.017,-0.409
2020-10-14,0,,0.0,1.0,,,,,,,,,1.693,0.028,-0.402
2020-10-15,0,,0.0,1.0,,,,,,,,,1.693,0.307,-0.399
2020-10-16,0,,0.0,1.0,,,,,,,,,1.846,0.055,-0.397
2020-10-19,0,,0.0,1.0,,,,,,,,,1.846,0.058,-0.394
2020-10-20,0,,0.0,1.0,,,,,,,,,1.846,-0.208,-0.303
2020-10-21,1,AUCTION,0.0,2.192,,,,,,,,,1.846,-0.473,-0.301
2020-10-22,0,,0.0,1.0,,,,,,,,,1.846,-0.469,-0.389
2020-10-23,0,,0.0,1.0,,,,,,,,,1.715,-0.198,-0.386
2020-10-26,0,,0.0,1.0,,,,,,,,,1.715,0.072,-0.473
2020-10-27,0,,0.0,1.0,,,,,,,,,1.715,0.071,-0.471
2020-10-28,0,,0.0,1.0,,,,,,,,,1.715,-0.198,-0.379
2020-10-29,1,ECB,-0.5,6.704,,,,,-0.904,-1.057,-0.500,0.117,1.715,0.071,-0.466
2020-10-30,0,,0.0,1.0,,,,,,,,,1.811,0.095,-0.282
2020-11-02,0,,0.0,1.0,,,,,,,,,1.811,0.659,-0.549
2020-11-03,0,,0.0,1.0,,,,,,,,,1.811,0.375,-0.457
2020-11-04,0,,0.0,1.0,,,,,,,,,1.811,0.377,-0.365
2020-11-05,1,FOMC,-0.089,6.661,-0.40,0.16,0.33,0.20,-0.344,-0.421,-0.089,0.219,1.811,0.659,-0.453
2020-11-06,1,NFP,0.0,3.816,,,,,,,,,1.729,0.377,-0.362
2020-11-09,0,,0.0,1.0,,,,,,,,,1.729,0.377,-0.36
2020-11-10,1,AUCTION,0.0,2.29,,,,,,,,,1.729,0.378,-0.448
2020-11-12,1,AUCTION,0.0,2.185,,,,,,,,,1.729,0.097,-0.356
2020-11-13,0,,0.0,1.0,,,,,,,,,1.729,0.101,-0.354
2020-11-16,0,,0.0,1.0,,,,,,,,,2.66,0.389,-0.353
2020-11-17,0,,0.0,1.0,,,,,,,,,2.66,0.106,-0.351
2020-11-18,1,AUCTION,0.0,2.25,,,,,,,,,2.66,-0.459,-0.261
2020-11-19,1,AUCTION,0.0,2.25,,,,,,,,,2.66,-0.455,-0.438
2020-11-20,0,,0.0,1.0,,,,,,,,,2.607,-0.733,-0.347
2020-11-23,0,,0.0,1.0,,,,,,,,,2.607,-0.727,-0.346
2020-11-24,0,,0.0,1.0,,,,,,,,,2.607,-0.154,-0.433
2020-11-25,0,,0.0,1.0,,,,,,,,,2.607,0.13,-0.43
2020-11-27,0,,0.0,1.0,,,,,,,,,2.607,0.13,-0.339
2020-11-30,0,,0.0,1.0,,,,,,,,,2.037,0.143,-0.337
2020-12-01,0,,0.0,1.0,,,,,,,,,2.037,-0.139,-0.335
2020-12-02,0,,0.0,1.0,,,,,,,,,2.037,-0.138,-0.423
2020-12-03,0,,0.0,1.0,,,,,,,,,2.037,-0.138,-0.333
2020-12-04,1,NFP,0.0,3.719,,,,,,,,,1.795,0.154,-0.421
2020-12-07,0,,0.0,1.0,,,,,,,,,1.795,-0.137,-0.241
2020-12-08,0,,0.0,1.0,,,,,,,,,1.795,-0.426,-0.24
2020-12-09,1,AUCTION,0.0,2.173,,,,,,,,,1.795,-0.132,-0.417
2020-12-10,1,ECB,0.495,6.679,,,,,0.549,0.537,0.495,0.323,1.795,-0.132,-0.416
2020-12-11,0,,0.0,1.0,,,,,,,,,1.501,-0.133,-0.414
2020-12-14,0,,0.0,1.0,,,,,,,,,1.501,-0.133,-0.412
2020-12-15,0,,0.0,1.0,,,,,,,,,1.501,0.167,-0.41
2020-12-16,1,FOMC,-0.091,5.819,0.20,1.52,2.82,2.95,-0.324,-0.404,-0.091,0.201,1.501,0.166,-0.409
2020-12-17,0,,0.0,1.0,,,,,,,,,1.501,0.164,-0.407
2020-12-18,0,,0.0,1.0,,,,,,,,,1.691,0.162,-0.405
2020-12-21,1,AUCTION,0.0,2.194,,,,,,,,,1.691,0.159,-0.403
2020-12-22,0,,0.0,1.0,,,,,,,,,1.691,-0.432,-0.313
2020-12-23,0,,0.0,1.0,,,,,,,,,1.691,-0.728,-0.222
2020-12-24,0,,0.0,1.0,,,,,,,,,1.609,-0.14,-0.399
2020-12-28,0,,0.0,1.0,,,,,,,,,1.609,0.154,-0.397
2020-12-29,0,,0.0,1.0,,,,,,,,,1.609,0.447,-0.395
2020-12-30,0,,0.0,1.0,,,,,,,,,1.609,0.151,-0.298
2020-12-31,0,,0.0,1.0,,,,,,,,,1.609,-0.438,-0.116
2021-01-04,0,,0.0,1.0,,,,,,,,,1.141,0.447,-0.387
2021-01-05,0,,0.0,1.0,,,,,,,,,1.141,0.739,-0.385
2021-01-06,0,,0.0,1.0,,,,,,,,,1.141,0.444,-0.293
2021-01-07,0,,0.0,1.0,,,,,,,,,1.141,0.442,-0.292
2021-01-08,0,,0.0,1.0,,,,,,,,,0.93,0.147,-0.291
2021-01-11,0,,0.0,1.0,,,,,,,,,0.93,0.149,-0.29
2021-01-12,1,AUCTION,0.0,1.849,,,,,,,,,0.93,-0.145,-0.289
2021-01-13,1,AUCTION,0.0,1.849,,,,,,,,,0.93,-0.143,-0.379
2021-01-14,0,,0.0,1.0,,,,,,,,,0.93,-0.139,-0.287
2021-01-15,0,,0.0,1.0,,,,,,,,,2.014,-0.137,-0.377
2021-01-19,0,,0.0,1.0,,,,,,,,,2.014,-0.431,-0.286
2021-01-20,1,AUCTION,0.0,2.25,,,,,,,,,2.014,-0.724,-0.195
2021-01-21,1,ECB,0.503,7.202,,,,,0.619,0.614,0.503,0.263,2.014,-1.013,-0.014
2021-01-22,0,,0.0,1.0,,,,,,,,,2.444,-0.716,-0.105
2021-01-25,0,,0.0,1.0,,,,,,,,,2.444,-0.421,-0.195
2021-01-26,0,,0.0,1.0,,,,,,,,,2.444,-1.297,0.076
2021-01-27,1,FOMC,-0.063,6.242,-0.19,-0.32,-0.17,-0.07,-0.310,-0.379,-0.063,0.223,2.444,-1.289,0.075
2021-01-28,0,,0.0,1.0,,,,,,,,,2.444,-0.703,-0.016
2021-01-29,0,,0.0,1.0,,,,,,,,,2.066,-0.119,-0.197
2021-02-01,0,,0.0,1.0,,,,,,,,,2.066,-0.117,-0.286
2021-02-02,0,,0.0,1.0,,,,,,,,,2.066,-0.116,-0.284
2021-02-03,0,,0.0,1.0,,,,,,,,,2.066,-0.114,-0.283
2021-02-04,0,,0.0,1.0,,,,,,,,,2.066,-0.695,-0.101
2021-02-05,1,NFP,0.0,3.856,,,,,,,,,2.448,-1.557,0.17
2021-02-08,0,,0.0,1.0,,,,,,,,,2.448,-1.257,0.169
2021-02-09,0,,0.0,1.0,,,,,,,,,2.448,-0.672,-0.102
2021-02-10,1,AUCTION,0.0,2.25,,,,,,,,,2.448,-0.38,-0.191
2021-02-11,1,AUCTION,0.0,2.25,,,,,,,,,2.448,-0.379,-0.191
2021-02-12,0,,0.0,1.0,,,,,,,,,2.426,-0.666,-0.1
2021-02-16,0,,0.0,1.0,,,,,,,,,2.426,-0.374,-0.19
2021-02-17,1,AUCTION,0.0,2.25,,,,,,,,,2.426,-0.37,-0.189
2021-02-18,1,AUCTION,0.0,2.281,,,,,,,,,2.426,-0.943,0.082
2021-02-19,0,,0.0,1.0,,,,,,,,,2.397,-1.222,0.172
2021-02-22,0,,0.0,1.0,,,,,,,,,2.397,-0.928,0.081
2021-02-23,0,,0.0,1.0,,,,,,,,,2.397,-1.49,0.261
2021-02-24,0,,0.0,1.0,,,,,,,,,2.397,-1.194,0.17
2021-02-25,0,,0.0,1.0,,,,,,,,,2.397,-0.902,0.079
2021-02-26,0,,0.0,1.0,,,,,,,,,1.86,-1.46,0.259
2021-03-01,0,,0.0,1.0,,,,,,,,,1.86,-1.166,0.169
2021-03-02,0,,0.0,1.0,,,,,,,,,1.86,-0.594,-0.01
2021-03-03,0,,0.0,1.0,,,,,,,,,1.86,-0.588,-0.008
2021-03-04,0,,0.0,1.0,,,,,,,,,1.86,-1.177,0.173
2021-03-05,1,NFP,0.0,3.858,,,,,,,,,2.635,-1.168,0.173
2021-03-08,0,,0.0,1.0,,,,,,,,,2.635,-1.159,0.173
2021-03-09,0,,0.0,1.0,,,,,,,,,2.635,-1.15,0.173
2021-03-10,1,AUCTION,0.0,2.315,,,,,,,,,2.635,-1.141,0.173
2021-03-11,1,ECB,0.918,7.507,,,,,1.307,1.348,0.918,0.253,2.635,-1.427,0.263
2021-03-12,0,,0.0,1.0,,,,,,,,,2.452,-1.434,0.266
2021-03-15,0,,0.0,1.0,,,,,,,,,2.452,-1.421,0.266
2021-03-16,1,AUCTION,0.0,2.6,,,,,,,,,2.452,-1.408,0.933
2021-03-17,1,FOMC,0.042,7.4,-1.41,-3.91,-0.71,1.24,-0.142,-0.184,0.042,0.226,2.452,-1.659,1.194
2021-03-18,1,AUCTION,0.0,2.758,,,,,,,,,2.452,-1.75,1.355
2021-03-19,0,,0.0,1.0,,,,,,,,,2.195,-1.836,1.402
2021-03-22,0,,0.0,1.0,,,,,,,,,2.195,-1.887,1.402
2021-03-23,0,,0.0,1.0,,,,,,,,,2.195,-1.974,1.426
2021-03-24,0,,0.0,1.0,,,,,,,,,2.195,-2.035,1.46
2021-03-25,0,,0.0,1.0,,,,,,,,,2.195,-2.07,1.517
2021-03-26,0,,0.0,1.0,,,,,,,,,1.98,-2.105,1.593
2021-03-29,0,,0.0,1.0,,,,,,,,,1.98,-2.143,1.637
2021-03-30,0,,0.0,1.0,,,,,,,,,1.98,-2.167,1.661
2021-03-31,0,,0.0,1.0,,,,,,,,,1.98,-1.729,1.676
2021-04-01,0,,0.0,1.0,,,,,,,,,1.98,-2.178,1.692
2021-04-02,1,NFP,0.0,4.418,,,,,,,,,1.361,-2.161,1.708
2021-04-05,0,,0.0,1.0,,,,,,,,,1.361,-2.144,1.716
2021-04-06,0,,0.0,1.0,,,,,,,,,1.361,-2.127,1.716
2021-04-07,0,,0.0,1.0,,,,,,,,,1.361,-2.111,1.723
2021-04-08,0,,0.0,1.0,,,,,,,,,1.361,-2.095,1.731
2021-04-09,0,,0.0,1.0,,,,,,,,,1.632,-2.079,1.738
2021-04-12,1,AUCTION,0.0,2.767,,,,,,,,,1.632,-2.059,1.746
2021-04-13,1,AUCTION,0.0,2.77,,,,,,,,,1.632,-2.033,1.754
2021-04-14,0,,0.0,1.0,,,,,,,,,1.632,-2.01,1.762
2021-04-15,0,,0.0,1.0,,,,,,,,,1.632,-1.988,1.755
2021-04-16,0,,0.0,1.0,,,,,,,,,1.533,-1.966,1.749
2021-04-19,0,,0.0,1.0,,,,,,,,,1.533,-1.947,1.742
2021-04-20,0,,0.0,1.0,,,,,,,,,1.533,-1.934,1.731
2021-04-21,1,AUCTION,0.0,2.718,,,,,,,,,1.533,-1.921,1.716
2021-04-22,1,ECB,0.103,8.786,,,,,-0.053,-0.098,0.103,0.256,1.533,-1.904,1.705
2021-04-23,0,,0.0,1.0,,,,,,,,,1.692,-1.883,1.699
2021-04-26,0,,0.0,1.0,,,,,,,,,1.692,-1.862,1.693
2021-04-27,0,,0.0,1.0,,,,,,,,,1.692,-1.846,1.693
2021-04-28,1,FOMC,1.153,8.108,-0.39,-0.48,-0.36,-0.70,1.610,1.676,1.153,0.386,1.692,-1.83,1.682
2021-04-29,0,,0.0,1.0,,,,,,,,,1.692,-1.414,1.671
2021-04-30,0,,0.0,1.0,,,,,,,,,1.463,-1.006,1.666
2021-05-03,0,,0.0,1.0,,,,,,,,,1.463,-1.395,1.66
2021-05-04,0,,0.0,1.0,,,,,,,,,1.463,-1.383,1.649
2021-05-05,0,,0.0,1.0,,,,,,,,,1.463,-1.371,1.639
2021-05-06,0,,0.0,1.0,,,,,,,,,1.463,-1.359,1.629
2021-05-07,1,NFP,0.0,4.627,,,,,,,,,1.783,-1.347,1.619
2021-05-10,0,,0.0,1.0,,,,,,,,,1.783,-1.336,1.609
2021-05-11,0,,0.0,1.0,,,,,,,,,1.783,-1.324,1.6
2021-05-12,1,AUCTION,0.0,2.767,,,,,,,,,1.783,-1.314,1.594
2021-05-13,1,AUCTION,0.0,2.763,,,,,,,,,1.783,-1.307,1.585
2021-05-14,0,,0.0,1.0,,,,,,,,,1.837,-1.296,1.575
2021-05-17,0,,0.0,1.0,,,,,,,,,1.837,-1.285,1.566
2021-05-18,0,,0.0,1.0,,,,,,,,,1.837,-1.275,1.557
2021-05-19,1,AUCTION,0.0,2.77,,,,,,,,,1.837,-1.271,1.548
2021-05-20,1,AUCTION,0.0,2.764,,,,,,,,,1.837,-1.265,1.534
2021-05-21,0,,0.0,1.0,,,,,,,,,1.521,-1.255,1.525
2021-05-24,0,,0.0,1.0,,,,,,,,,1.521,-1.244,1.517
2021-05-25,0,,0.0,1.0,,,,,,,,,1.521,-1.234,1.505
2021-05-26,0,,0.0,1.0,,,,,,,,,1.521,-1.224,1.5
2021-05-27,0,,0.0,1.0,,,,,,,,,1.521,-1.214,1.496
2021-05-28,0,,0.0,1.0,,,,,,,,,1.662,-0.822,1.487
2021-06-01,0,,0.0,1.0,,,,,,,,,1.662,-1.198,1.476
2021-06-02,0,,0.0,1.0,,,,,,,,,1.662,-1.188,1.468
2021-06-03,0,,0.0,1.0,,,,,,,,,1.662,-1.179,1.457
2021-06-04,1,NFP,0.0,4.511,,,,,,,,,1.77,-1.169,1.447
2021-06-07,0,,0.0,1.0,,,,,,,,,1.77,-1.159,1.439
2021-06-08,0,,0.0,1.0,,,,,,,,,1.77,-1.15,1.429
2021-06-09,1,AUCTION,0.0,2.696,,,,,,,,,1.77,-1.141,1.418
2021-06-10,1,ECB,0.41,8.553,,,,,0.391,0.369,0.410,0.291,1.77,-1.132,1.406
2021-06-11,0,,0.0,1.0,,,,,,,,,1.607,-1.123,1.397
2021-06-14,0,,0.0,1.0,,,,,,,,,1.607,-1.114,1.387
2021-06-15,1,AUCTION,0.0,2.619,,,,,,,,,1.607,-1.105,1.377
2021-06-16,1,FOMC,0.321,7.58,2.60,7.59,5.59,2.86,0.350,0.287,0.321,0.250,1.607,-1.096,1.366
2021-06-17,0,,0.0,1.0,,,,,,,,,1.607,-1.087,-0.148
2021-06-18,0,,0.0,1.0,,,,,,,,,1.22,-1.079,-0.148
2021-06-21,0,,0.0,1.0,,,,,,,,,1.22,-1.07,-0.147
2021-06-22,0,,0.0,1.0,,,,,,,,,1.22,-1.062,-0.145
2021-06-23,0,,0.0,1.0,,,,,,,,,1.22,-1.054,-0.145
2021-06-24,0,,0.0,1.0,,,,,,,,,1.22,-1.045,-0.145
2021-06-25,0,,0.0,1.0,,,,,,,,,1.212,-1.037,-0.144
2021-06-28,0,,0.0,1.0,,,,,,,,,1.212,-1.029,-0.142
2021-06-29,0,,0.0,1.0,,,,,,,,,1.212,-1.021,-0.142
2021-06-30,0,,0.0,1.0,,,,,,,,,1.212,-0.257,-0.146
2021-07-01,0,,0.0,1.0,,,,,,,,,1.212,-1.013,-0.147
2021-07-02,1,NFP,0.0,3.261,,,,,,,,,1.218,-1.005,-0.146
2021-07-06,0,,0.0,1.0,,,,,,,,,1.218,-0.998,-0.144
2021-07-07,0,,0.0,1.0,,,,,,,,,1.218,-0.99,-0.144
2021-07-08,0,,0.0,1.0,,,,,,,,,1.218,-0.982,-0.144
2021-07-09,0,,0.0,1.0,,,,,,,,,1.271,-0.975,-0.146
2021-07-12,1,AUCTION,0.0,1.977,,,,,,,,,1.271,-0.967,-0.146
2021-07-13,1,AUCTION,0.0,1.977,,,,,,,,,1.271,-0.96,-0.147
2021-07-14,0,,0.0,1.0,,,,,,,,,1.271,-0.955,-0.146
2021-07-15,0,,0.0,1.0,,,,,,,,,1.271,-0.948,-0.149
2021-07-16,0,,0.0,1.0,,,,,,,,,1.161,-0.943,-0.152
2021-07-19,0,,0.0,1.0,,,,,,,,,1.161,-0.937,-0.156
2021-07-20,0,,0.0,1.0,,,,,,,,,1.161,-0.93,-0.157
2021-07-21,1,AUCTION,0.0,1.936,,,,,,,,,1.161,-0.923,-0.157
2021-07-22,1,ECB,0.122,6.007,,,,,-0.035,-0.079,0.122,0.270,1.161,-0.915,-0.157
2021-07-23,0,,0.0,1.0,,,,,,,,,1.224,-0.908,-0.159
2021-07-26,0,,0.0,1.0,,,,,,,,,1.224,-0.901,-0.161
2021-07-27,0,,0.0,1.0,,,,,,,,,1.224,-0.894,-0.162
2021-07-28,1,FOMC,0.041,5.673,0.29,1.92,0.33,-0.98,-0.144,-0.213,0.041,0.242,1.224,-0.887,-0.162
2021-07-29,0,,0.0,1.0,,,,,,,,,1.224,-0.88,-0.166
2021-07-30,0,,0.0,1.0,,,,,,,,,1.006,0.335,-0.166
2021-08-02,0,,0.0,1.0,,,,,,,,,1.006,-0.872,-0.169
2021-08-03,0,,0.0,1.0,,,,,,,,,1.006,-0.865,-0.171
2021-08-04,0,,0.0,1.0,,,,,,,,,1.006,-0.858,-0.172
2021-08-05,0,,0.0,1.0,,,,,,,,,1.006,-0.851,-3.877
2021-08-06,1,NFP,0.0,3.139,,,,,,,,,1.023,-0.845,-0.152
2021-08-09,0,,0.0,1.0,,,,,,,,,1.023,-0.838,-0.152
2021-08-10,0,,0.0,1.0,,,,,,,,,1.023,-0.831,-0.155
2021-08-11,1,AUCTION,0.0,1.884,,,,,,,,,1.023,-0.824,-0.157
2021-08-12,1,AUCTION,0.0,1.884,,,,,,,,,1.023,-0.818,-0.158
2021-08-13,0,,0.0,1.0,,,,,,,,,0.716,-0.811,-0.16
2021-08-16,0,,0.0,1.0,,,,,,,,,0.716,-0.805,-0.162
2021-08-17,0,,0.0,1.0,,,,,,,,,0.716,-0.798,-0.163
2021-08-18,1,AUCTION,0.0,1.768,,,,,,,,,0.716,-0.386,-0.165
2021-08-19,1,AUCTION,0.0,1.768,,,,,,,,,0.716,-0.383,-0.166
2021-08-20,0,,0.0,1.0,,,,,,,,,0.617,-0.38,-0.168
2021-08-23,0,,0.0,1.0,,,,,,,,,0.617,-0.375,-0.171
2021-08-24,0,,0.0,1.0,,,,,,,,,0.617,-0.371,-0.173
2021-08-25,0,,0.0,1.0,,,,,,,,,0.617,-0.368,-0.174
2021-08-26,0,,0.0,1.0,,,,,,,,,0.617,-0.363,-0.176
2021-08-27,0,,0.0,1.0,,,,,,,,,0.373,0.047,-0.178
2021-08-30,0,,0.0,1.0,,,,,,,,,0.373,0.053,-0.178
2021-08-31,0,,0.0,1.0,,,,,,,,,0.373,0.877,-0.181
2021-09-01,0,,0.0,1.0,,,,,,,,,0.373,0.059,-0.184
2021-09-02,0,,0.0,1.0,,,,,,,,,0.373,0.066,-0.189
2021-09-03,1,NFP,0.0,2.899,,,,,,,,,0.566,0.072,-0.191
2021-09-07,0,,0.0,1.0,,,,,,,,,0.566,0.077,-0.191
2021-09-08,1,AUCTION,0.0,1.743,,,,,,,,,0.566,0.082,-0.193
2021-09-09,1,ECB,0.79,5.397,,,,,0.922,0.979,0.790,0.383,0.566,0.088,-0.193
2021-09-10,0,,0.0,1.0,,,,,,,,,0.335,0.093,-0.194
2021-09-13,0,,0.0,1.0,,,,,,,,,0.335,0.098,-0.196
2021-09-14,0,,0.0,1.0,,,,,,,,,0.335,0.106,-0.197
2021-09-15,0,,0.0,1.0,,,,,,,,,0.335,0.113,-0.199
2021-09-16,0,,0.0,1.0,,,,,,,,,0.335,0.121,-0.201
2021-09-17,0,,0.0,1.0,,,,,,,,,0.584,0.127,-0.202
2021-09-20,0,,0.0,1.0,,,,,,,,,0.584,0.131,-0.202
2021-09-21,1,AUCTION,0.0,1.769,,,,,,,,,0.584,0.132,-0.204
2021-09-22,1,FOMC,0.248,5.194,0.20,0.16,-0.34,-0.67,0.177,0.142,0.248,0.264,0.584,0.132,-0.204
2021-09-23,1,AUCTION,0.0,1.769,,,,,,,,,0.584,0.134,-0.207
2021-09-24,0,,0.0,1.0,,,,,,,,,0.775,0.138,-0.209
2021-09-27,0,,0.0,1.0,,,,,,,,,0.775,0.142,-0.211
2021-09-28,0,,0.0,1.0,,,,,,,,,0.775,0.144,-0.212
2021-09-29,0,,0.0,1.0,,,,,,,,,0.775,0.147,-0.214
2021-09-30,0,,0.0,1.0,,,,,,,,,0.775,1.025,-0.218
2021-10-01,0,,0.0,1.0,,,,,,,,,1.008,0.156,-0.223
2021-10-04,0,,0.0,1.0,,,,,,,,,1.008,0.162,-0.225
2021-10-05,0,,0.0,1.0,,,,,,,,,1.008,0.17,-0.228
2021-10-06,0,,0.0,1.0,,,,,,,,,1.008,0.176,-0.23
2021-10-07,0,,0.0,1.0,,,,,,,,,1.008,0.18,-0.233
2021-10-08,1,NFP,0.0,3.431,,,,,,,,,1.303,0.186,-0.237
2021-10-12,1,AUCTION,0.0,2.061,,,,,,,,,1.303,0.193,-0.24
2021-10-13,1,AUCTION,0.0,2.063,,,,,,,,,1.303,0.199,-0.244
2021-10-14,0,,0.0,1.0,,,,,,,,,1.303,0.208,-0.248
2021-10-15,0,,0.0,1.0,,,,,,,,,1.489,0.215,-0.251
2021-10-18,0,,0.0,1.0,,,,,,,,,1.489,0.221,-0.255
2021-10-19,0,,0.0,1.0,,,,,,,,,1.489,-0.703,0.523
2021-10-20,1,AUCTION,0.0,2.253,,,,,,,,,1.489,-0.697,0.518
2021-10-21,0,,0.0,1.0,,,,,,,,,1.489,-0.692,0.513
2021-10-22,0,,0.0,1.0,,,,,,,,,1.082,0.245,-0.275
2021-10-25,0,,0.0,1.0,,,,,,,,,1.082,-0.216,0.112
2021-10-26,0,,0.0,1.0,,,,,,,,,1.082,0.261,-0.288
2021-10-27,0,,0.0,1.0,,,,,,,,,1.082,0.265,-0.292
2021-10-28,1,ECB,1.217,6.373,,,,,1.852,1.875,1.217,0.360,1.082,0.272,-0.298
2021-10-29,0,,0.0,1.0,,,,,,,,,0.418,0.756,-0.3
2021-11-01,0,,0.0,1.0,,,,,,,,,0.418,0.291,-0.309
2021-11-02,0,,0.0,1.0,,,,,,,,,0.418,0.302,-0.315
2021-11-03,1,FOMC,0.867,5.508,0.59,1.78,2.81,4.64,1.229,1.247,0.867,0.260,0.418,0.313,-0.319
2021-11-04,0,,0.0,1.0,,,,,,,,,0.418,0.328,-0.325
2021-11-05,1,NFP,0.0,2.748,,,,,,,,,0.057,0.34,-0.329
2021-11-08,0,,0.0,1.0,,,,,,,,,0.057,0.352,-0.333
2021-11-09,1,AUCTION,0.0,1.658,,,,,,,,,0.057,0.364,-0.34
2021-11-10,1,AUCTION,0.0,1.661,,,,,,,,,0.057,0.373,-0.344
2021-11-12,0,,0.0,1.0,,,,,,,,,0.057,0.383,-0.348
2021-11-15,0,,0.0,1.0,,,,,,,,,-0.061,0.396,-0.352
2021-11-16,0,,0.0,1.0,,,,,,,,,-0.061,0.405,-0.356
2021-11-17,1,AUCTION,0.0,1.676,,,,,,,,,-0.061,0.408,-0.358
2021-11-18,1,AUCTION,0.0,1.677,,,,,,,,,-0.061,0.411,-0.365
2021-11-19,0,,0.0,1.0,,,,,,,,,0.225,0.411,-0.369
2021-11-22,0,,0.0,1.0,,,,,,,,,0.225,0.411,-0.374
2021-11-23,0,,0.0,1.0,,,,,,,,,0.225,0.417,-0.381
2021-11-24,0,,0.0,1.0,,,,,,,,,0.225,0.427,-0.388
2021-11-26,0,,0.0,1.0,,,,,,,,,0.225,0.437,-0.392
2021-11-29,0,,0.0,1.0,,,,,,,,,0.46,0.448,-0.397
2021-11-30,0,,0.0,1.0,,,,,,,,,0.46,1.009,-1.248
2021-12-01,0,,0.0,1.0,,,,,,,,,0.46,0.458,-0.829
2021-12-02,1,AUCTION,0.0,1.847,,,,,,,,,0.46,0.464,-0.406
2021-12-03,1,NFP,0.0,2.82,,,,,,,,,-0.037,0.475,-0.842
2021-12-06,0,,0.0,1.0,,,,,,,,,-0.037,0.482,-0.842
2021-12-07,0,,0.0,1.0,,,,,,,,,-0.037,0.485,-0.414
2021-12-08,1,AUCTION,0.0,1.699,,,,,,,,,-0.037,0.492,-0.421
2021-12-09,1,AUCTION,0.0,1.701,,,,,,,,,-0.037,0.499,-0.429
2021-12-10,0,,0.0,1.0,,,,,,,,,-0.319,0.507,-0.437
2021-12-13,0,,0.0,1.0,,,,,,,,,-0.319,0.514,-0.445
2021-12-14,0,,0.0,1.0,,,,,,,,,-0.319,0.526,-0.453
2021-12-15,1,FOMC,0.15,5.512,2.83,2.94,1.36,0.20,0.022,-0.024,0.150,0.248,-0.319,0.539,-0.461
2021-12-16,1,ECB,-1.929,5.766,,,,,-3.263,-3.422,-1.929,-0.081,-0.319,0.551,-0.469
2021-12-17,0,,0.0,1.0,,,,,,,,,-0.487,0.565,-0.477
2021-12-20,0,,0.0,1.0,,,,,,,,,-0.487,-0.034,-0.033
2021-12-21,1,AUCTION,0.0,1.902,,,,,,,,,-0.487,0.585,-0.493
2021-12-22,0,,0.0,1.0,,,,,,,,,-0.487,0.585,-0.496
2021-12-23,0,,0.0,1.0,,,,,,,,,-0.487,0.593,-0.504
2021-12-27,0,,0.0,1.0,,,,,,,,,-0.932,0.608,-0.513
2021-12-28,0,,0.0,1.0,,,,,,,,,-0.932,0.63,-0.522
2021-12-29,0,,0.0,1.0,,,,,,,,,-0.932,0.645,-0.528
2021-12-30,0,,0.0,1.0,,,,,,,,,-0.932,0.65,-0.528
2021-12-31,0,,0.0,1.0,,,,,,,,,-1.523,1.331,-0.537
2022-01-03,0,,0.0,1.0,,,,,,,,,-1.523,0.705,-0.547
2022-01-04,0,,0.0,1.0,,,,,,,,,-1.523,0.733,-0.553
2022-01-05,0,,0.0,1.0,,,,,,,,,-1.523,0.762,-0.559
2022-01-06,0,,0.0,1.0,,,,,,,,,-1.523,0.784,-0.565
2022-01-07,1,NFP,0.0,3.975,,,,,,,,,-1.554,0.806,-0.571
2022-01-10,0,,0.0,1.0,,,,,,,,,-1.554,0.819,-0.578
2022-01-11,0,,0.0,1.0,,,,,,,,,-1.554,0.833,-0.588
2022-01-12,1,AUCTION,0.0,2.4,,,,,,,,,-1.554,0.847,-0.594
2022-01-13,1,AUCTION,0.0,2.406,,,,,,,,,-1.554,0.862,-0.605
2022-01-14,0,,0.0,1.0,,,,,,,,,-1.169,0.868,-0.612
2022-01-18,0,,0.0,1.0,,,,,,,,,-1.169,0.868,-0.615
2022-01-19,1,AUCTION,0.0,2.262,,,,,,,,,-1.169,0.864,-0.612
2022-01-20,1,AUCTION,0.0,1.974,,,,,,,,,-1.169,0.096,-0.117
2022-01-21,0,,0.0,1.0,,,,,,,,,-0.513,0.875,-0.618
2022-01-24,0,,0.0,1.0,,,,,,,,,-0.513,0.096,-0.118
2022-01-25,0,,0.0,1.0,,,,,,,,,-0.513,0.866,-0.612
2022-01-26,1,FOMC,0.548,5.265,-0.19,1.14,1.42,1.03,0.683,0.669,0.548,0.287,-0.513,0.093,-0.114
2022-01-27,0,,0.0,1.0,,,,,,,,,-0.513,0.104,-0.118
2022-01-28,0,,0.0,1.0,,,,,,,,,0.112,0.906,-0.624
2022-01-31,0,,0.0,1.0,,,,,,,,,0.112,0.923,-2.118
2022-02-01,0,,0.0,1.0,,,,,,,,,0.112,0.94,-0.626
2022-02-02,0,,0.0,1.0,,,,,,,,,0.112,0.94,-0.626
2022-02-03,1,ECB,1.527,6.091,,,,,2.351,2.341,1.527,0.306,0.112,0.932,-0.621
2022-02-04,1,NFP,0.0,3.343,,,,,,,,,0.424,0.925,-0.615
2022-02-07,0,,0.0,1.0,,,,,,,,,0.424,0.925,-0.615
2022-02-08,0,,0.0,1.0,,,,,,,,,0.424,0.933,-0.618
2022-02-09,1,AUCTION,0.0,1.705,,,,,,,,,0.424,0.122,-0.119
2022-02-10,1,AUCTION,0.0,2.013,,,,,,,,,0.424,0.945,-0.624
2022-02-11,0,,0.0,1.0,,,,,,,,,0.424,0.953,-0.627
2022-02-14,0,,0.0,1.0,,,,,,,,,0.424,0.96,-0.63
2022-02-15,0,,0.0,1.0,,,,,,,,,0.424,0.955,-0.626
2022-02-16,1,AUCTION,0.0,2.014,,,,,,,,,0.424,0.948,-0.62
2022-02-17,1,AUCTION,0.0,2.012,,,,,,,,,0.424,0.943,-0.616
2022-02-18,0,,0.0,1.0,,,,,,,,,0.424,0.936,-0.61
2022-02-22,0,,0.0,1.0,,,,,,,,,0.424,0.928,-0.604
2022-02-23,0,,0.0,1.0,,,,,,,,,0.424,0.923,-0.6
2022-02-24,0,,0.0,1.0,,,,,,,,,0.424,0.917,-0.594
2022-02-25,0,,0.0,1.0,,,,,,,,,0.424,0.909,-0.588
2022-02-28,0,,0.0,1.0,,,,,,,,,0.424,0.909,-1.596
2022-03-01,0,,0.0,1.0,,,,,,,,,0.424,0.909,-2.078
2022-03-02,0,,0.0,1.0,,,,,,,,,0.424,0.902,-1.559
2022-03-03,0,,0.0,1.0,,,,,,,,,0.424,0.895,-0.549
2022-03-04,1,NFP,0.0,3.32,,,,,,,,,0.424,0.888,-0.544
2022-03-07,0,,0.0,1.0,,,,,,,,,0.424,0.881,-0.538
2022-03-08,0,,0.0,1.0,,,,,,,,,0.424,0.874,-0.533
2022-03-09,1,AUCTION,0.0,1.984,,,,,,,,,0.424,0.868,-0.527
2022-03-10,1,ECB,-0.528,6.155,,,,,-1.021,-1.149,-0.528,0.075,0.424,0.861,-0.521
2022-03-11,0,,0.0,1.0,,,,,,,,,0.424,0.854,-0.515
2022-03-14,0,,0.0,1.0,,,,,,,,,0.424,0.848,-0.509
2022-03-15,0,,0.0,1.0,,,,,,,,,0.424,0.841,-0.503
2022-03-16,1,FOMC,1.552,5.682,10.90,7.08,4.40,3.86,2.055,2.366,1.552,0.265,0.424,0.835,-2.027
2022-03-17,0,,0.0,1.0,,,,,,,,,0.424,0.828,-2.006
2022-03-18,0,,0.0,1.0,,,,,,,,,0.424,0.822,2.079
2022-03-21,0,,0.0,1.0,,,,,,,,,0.424,-0.041,2.563
2022-03-22,0,,0.0,1.0,,,,,,,,,0.424,-0.911,3.02
2022-03-23,1,AUCTION,0.0,2.95,,,,,,,,,0.424,-1.776,3.442
2022-03-24,1,AUCTION,0.0,2.923,,,,,,,,,0.424,-1.776,3.37
2022-03-25,0,,0.0,1.0,,,,,,,,,0.424,-0.918,2.849
2022-03-28,0,,0.0,1.0,,,,,,,,,0.424,-0.926,2.809
2022-03-29,0,,0.0,1.0,,,,,,,,,0.424,-0.926,2.771
2022-03-30,0,,0.0,1.0,,,,,,,,,0.424,-1.8,3.172
2022-03-31,0,,0.0,1.0,,,,,,,,,0.424,-0.06,2.244
2022-04-01,1,NFP,0.0,4.389,,,,,,,,,0.424,0.814,1.785
2022-04-04,0,,0.0,1.0,,,,,,,,,0.424,0.807,1.778
2022-04-05,0,,0.0,1.0,,,,,,,,,0.424,0.801,1.771
2022-04-06,0,,0.0,1.0,,,,,,,,,0.424,0.795,1.765
2022-04-07,0,,0.0,1.0,,,,,,,,,0.424,0.789,1.758
2022-04-08,0,,0.0,1.0,,,,,,,,,0.424,0.783,1.751
2022-04-11,0,,0.0,1.0,,,,,,,,,0.424,0.777,1.745
2022-04-12,1,AUCTION,0.0,2.473,,,,,,,,,0.424,-0.148,2.171
2022-04-13,1,AUCTION,0.0,2.467,,,,,,,,,0.424,-0.156,2.155
2022-04-14,1,ECB,0.61,7.882,,,,,0.913,0.894,0.610,0.163,0.424,-0.165,2.138
2022-04-18,0,,0.0,1.0,,,,,,,,,0.424,-0.174,2.122
2022-04-19,0,,0.0,1.0,,,,,,,,,0.424,-1.132,2.525
2022-04-20,1,AUCTION,0.0,2.748,,,,,,,,,0.424,-2.085,2.905
2022-04-21,0,,0.0,1.0,,,,,,,,,0.424,-3.005,3.257
2022-04-22,0,,0.0,1.0,,,,,,,,,0.424,-2.061,2.798
2022-04-25,0,,0.0,1.0,,,,,,,,,0.424,-2.061,2.756
2022-04-26,0,,0.0,1.0,,,,,,,,,0.424,-2.061,2.716
2022-04-27,0,,0.0,1.0,,,,,,,,,0.424,-1.128,2.293
2022-04-28,0,,0.0,1.0,,,,,,,,,0.424,-1.128,2.27
2022-04-29,0,,0.0,1.0,,,,,,,,,0.424,-1.121,2.248
2022-05-02,0,,0.0,1.0,,,,,,,,,0.424,0.766,1.464
2022-05-03,0,,0.0,1.0,,,,,,,,,0.424,0.76,1.46
2022-05-04,1,FOMC,-0.197,7.124,-4.70,-4.28,-1.76,0.35,-0.507,-0.596,-0.197,0.203,0.424,0.753,1.456
2022-05-05,0,,0.0,1.0,,,,,,,,,0.424,-0.202,-1.626
2022-05-06,1,NFP,0.0,4.147,,,,,,,,,0.424,-1.156,2.212
2022-05-09,0,,0.0,1.0,,,,,,,,,0.424,-1.156,2.191
2022-05-10,0,,0.0,1.0,,,,,,,,,0.424,-1.156,2.171
2022-05-11,1,AUCTION,0.0,2.465,,,,,,,,,0.424,-1.156,2.15
2022-05-12,1,AUCTION,0.0,2.321,,,,,,,,,0.424,-0.207,1.765
2022-05-13,0,,0.0,1.0,,,,,,,,,0.424,-0.211,1.755
2022-05-16,0,,0.0,1.0,,,,,,,,,0.424,0.741,-1.574
2022-05-17,0,,0.0,1.0,,,,,,,,,0.424,0.735,1.386
2022-05-18,1,AUCTION,0.0,2.313,,,,,,,,,0.424,-0.232,1.746
2022-05-19,1,AUCTION,0.0,2.31,,,,,,,,,0.424,-0.236,1.736
2022-05-20,0,,0.0,1.0,,,,,,,,,0.424,-1.203,2.084
2022-05-23,0,,0.0,1.0,,,,,,,,,0.424,-1.203,2.065
2022-05-24,0,,0.0,1.0,,,,,,,,,0.424,-1.203,2.048
2022-05-25,0,,0.0,1.0,,,,,,,,,0.424,-1.203,2.03
2022-05-26,0,,0.0,1.0,,,,,,,,,0.424,-1.203,2.013
2022-05-27,0,,0.0,1.0,,,,,,,,,0.424,-1.196,1.996
2022-05-31,0,,0.0,1.0,,,,,,,,,0.424,-0.236,-1.168
2022-06-01,0,,0.0,1.0,,,,,,,,,0.424,0.725,1.294
2022-06-02,0,,0.0,1.0,,,,,,,,,0.424,-0.249,1.637
2022-06-03,1,NFP,0.0,3.997,,,,,,,,,0.424,-1.221,1.972
2022-06-06,0,,0.0,1.0,,,,,,,,,0.424,-1.221,1.956
2022-06-07,0,,0.0,1.0,,,,,,,,,0.424,-2.174,2.276
2022-06-08,1,AUCTION,0.0,2.627,,,,,,,,,0.424,-3.081,2.581
2022-06-09,1,ECB,0.832,8.491,,,,,1.053,1.099,0.832,0.332,0.424,-3.904,2.868
2022-06-10,0,,0.0,1.0,,,,,,,,,0.424,-3.789,2.818
2022-06-13,0,,0.0,1.0,,,,,,,,,0.424,-5.26,3.389
2022-06-14,0,,0.0,1.0,,,,,,,,,0.424,-7.575,4.475
2022-06-15,1,FOMC,0.077,9.307,5.05,2.30,1.54,-0.27,-0.106,-0.140,0.077,0.242,0.424,-6.256,4.02
2022-06-16,0,,0.0,1.0,,,,,,,,,0.424,-5.802,3.88
2022-06-17,0,,0.0,1.0,,,,,,,,,0.424,-5.432,3.753
2022-06-21,0,,0.0,1.0,,,,,,,,,0.424,-5.123,3.637
2022-06-22,1,AUCTION,0.0,2.983,,,,,,,,,0.424,-4.859,3.53
2022-06-23,0,,0.0,1.0,,,,,,,,,0.424,-5.093,3.677
2022-06-24,0,,0.0,1.0,,,,,,,,,0.424,-3.931,3.083
2022-06-27,0,,0.0,1.0,,,,,,,,,0.424,-1.931,2.036
2022-06-28,0,,0.0,1.0,,,,,,,,,0.424,-0.944,1.515
2022-06-29,0,,0.0,1.0,,,,,,,,,0.424,-1.426,1.748
2022-06-30,0,,0.0,1.0,,,,,,,,,0.424,-1.892,-0.009
2022-07-01,0,,0.0,1.0,,,,,,,,,0.424,-0.918,1.482
2022-07-05,0,,0.0,1.0,,,,,,,,,0.424,0.05,-0.268
2022-07-06,0,,0.0,1.0,,,,,,,,,0.424,0.049,0.975
2022-07-07,0,,0.0,1.0,,,,,,,,,0.424,0.047,0.967
2022-07-08,1,NFP,0.0,3.519,,,,,,,,,0.424,-0.439,1.207
2022-07-11,0,,0.0,1.0,,,,,,,,,0.424,-0.439,1.197
2022-07-12,1,AUCTION,0.0,2.029,,,,,,,,,0.424,0.045,0.942
2022-07-13,1,AUCTION,0.0,2.101,,,,,,,,,0.424,-0.441,1.18
2022-07-14,0,,0.0,1.0,,,,,,,,,0.424,-0.441,1.171
2022-07-15,0,,0.0,1.0,,,,,,,,,0.424,0.043,0.917
2022-07-18,0,,0.0,1.0,,,,,,,,,0.424,0.041,0.91
2022-07-19,0,,0.0,1.0,,,,,,,,,0.424,0.039,0.903
2022-07-20,1,AUCTION,0.0,2.086,,,,,,,,,0.424,-0.448,1.14
2022-07-21,1,ECB,-0.226,6.722,,,,,-0.621,-0.694,-0.226,0.273,0.424,-0.448,1.131
2022-07-22,0,,0.0,1.0,,,,,,,,,0.424,-0.931,1.364
2022-07-25,0,,0.0,1.0,,,,,,,,,0.424,-0.445,1.111
2022-07-26,0,,0.0,1.0,,,,,,,,,0.424,-0.445,1.102
2022-07-27,1,FOMC,-0.031,6.039,0.20,0.00,0.18,0.08,-0.259,-0.324,-0.031,0.226,0.424,-0.445,1.094
2022-07-28,0,,0.0,1.0,,,,,,,,,0.424,-0.445,1.085
2022-07-29,0,,0.0,1.0,,,,,,,,,0.424,-0.445,1.316
2022-08-01,0,,0.0,1.0,,,,,,,,,0.424,-0.44,-0.619
2022-08-02,0,,0.0,1.0,,,,,,,,,0.424,0.529,-1.339
2022-08-03,0,,0.0,1.0,,,,,,,,,0.424,0.041,0.827
2022-08-04,0,,0.0,1.0,,,,,,,,,0.424,0.039,0.82
2022-08-05,1,NFP,0.0,3.429,,,,,,,,,0.424,-0.448,1.062
2022-08-08,0,,0.0,1.0,,,,,,,,,0.424,-0.448,1.054
2022-08-09,0,,0.0,1.0,,,,,,,,,0.424,0.037,0.803
2022-08-10,1,AUCTION,0.0,2.049,,,,,,,,,0.424,-0.45,1.04
2022-08-11,1,AUCTION,0.0,2.046,,,,,,,,,0.424,-0.45,1.031
2022-08-12,0,,0.0,1.0,,,,,,,,,0.424,-0.45,1.023
2022-08-15,0,,0.0,1.0,,,,,,,,,0.424,0.035,0.774
2022-08-16,0,,0.0,1.0,,,,,,,,,0.424,0.033,0.768
2022-08-17,1,AUCTION,0.0,1.956,,,,,,,,,0.424,0.031,0.762
2022-08-18,1,AUCTION,0.0,2.033,,,,,,,,,0.424,-0.454,0.997
2022-08-19,0,,0.0,1.0,,,,,,,,,0.424,-0.452,0.99
2022-08-22,0,,0.0,1.0,,,,,,,,,0.424,-0.45,-0.953
2022-08-23,0,,0.0,1.0,,,,,,,,,0.424,-0.932,1.222
2022-08-24,0,,0.0,1.0,,,,,,,,,0.424,-0.926,1.212
2022-08-25,0,,0.0,1.0,,,,,,,,,0.424,-0.439,0.963
2022-08-26,0,,0.0,1.0,,,,,,,,,0.424,-0.437,0.955
2022-08-29,0,,0.0,1.0,,,,,,,,,0.424,-0.433,0.948
2022-08-30,0,,0.0,1.0,,,,,,,,,0.424,0.054,0.701
2022-08-31,0,,0.0,1.0,,,,,,,,,0.424,0.06,0.695
2022-09-01,0,,0.0,1.0,,,,,,,,,0.424,0.062,0.689
2022-09-02,1,NFP,0.0,3.232,,,,,,,,,0.424,0.064,0.684
2022-09-06,0,,0.0,1.0,,,,,,,,,0.424,0.066,0.678
2022-09-07,0,,0.0,1.0,,,,,,,,,0.424,-0.418,0.912
2022-09-08,1,ECB,0.076,6.565,,,,,-0.088,-0.134,0.076,0.220,0.424,-0.414,0.905
2022-09-09,0,,0.0,1.0,,,,,,,,,0.424,-0.411,0.898
2022-09-12,1,AUCTION,0.0,1.993,,,,,,,,,0.424,-0.407,0.891
2022-09-13,1,AUCTION,0.0,1.99,,,,,,,,,0.424,-0.403,0.884
2022-09-14,0,,0.0,1.0,,,,,,,,,0.424,-0.886,1.116
2022-09-15,0,,0.0,1.0,,,,,,,,,0.424,-0.393,0.868
2022-09-16,0,,0.0,1.0,,,,,,,,,0.424,-0.876,1.1
2022-09-19,0,,0.0,1.0,,,,,,,,,0.424,-0.869,1.091
2022-09-20,1,AUCTION,0.0,2.154,,,,,,,,,0.424,-1.345,1.32
2022-09-21,1,FOMC,0.047,6.532,9.39,4.44,0.59,-3.90,-0.193,-0.216,0.047,0.263,0.424,-1.812,1.545
2022-09-22,1,AUCTION,0.0,1.699,,,,,,,,,0.424,-2.262,0.108
2022-09-23,0,,0.0,1.0,,,,,,,,,0.424,-2.229,1.763
2022-09-26,0,,0.0,1.0,,,,,,,,,0.424,-2.198,1.745
2022-09-27,0,,0.0,1.0,,,,,,,,,0.424,-2.62,1.958
2022-09-28,0,,0.0,1.0,,,,,,,,,0.424,-2.574,1.935
2022-09-29,0,,0.0,1.0,,,,,,,,,0.424,-3.395,2.366
2022-09-30,0,,0.0,1.0,,,,,,,,,0.424,-2.465,1.881
2022-10-03,0,,0.0,1.0,,,,,,,,,0.424,-1.56,1.408
2022-10-04,0,,0.0,1.0,,,,,,,,,0.424,0.213,0.483
2022-10-05,0,,0.0,1.0,,,,,,,,,0.424,0.215,0.478
2022-10-06,0,,0.0,1.0,,,,,,,,,0.424,0.658,0.244
2022-10-07,1,NFP,0.0,3.326,,,,,,,,,0.424,0.658,0.239
2022-10-11,0,,0.0,1.0,,,,,,,,,0.424,0.658,0.235
2022-10-12,1,AUCTION,0.0,1.913,,,,,,,,,0.424,0.217,0.462
2022-10-13,1,AUCTION,0.0,1.912,,,,,,,,,0.424,0.219,0.457
2022-10-14,0,,0.0,1.0,,,,,,,,,0.424,0.22,0.452
2022-10-17,0,,0.0,1.0,,,,,,,,,0.424,0.665,0.215
2022-10-18,0,,0.0,1.0,,,,,,,,,0.424,0.222,0.443
2022-10-19,1,AUCTION,0.0,1.906,,,,,,,,,0.424,0.221,0.439
2022-10-20,0,,0.0,1.0,,,,,,,,,0.424,-0.224,0.667
2022-10-21,0,,0.0,1.0,,,,,,,,,0.424,-0.667,0.894
2022-10-24,0,,0.0,1.0,,,,,,,,,0.424,-1.102,1.118
2022-10-25,0,,0.0,1.0,,,,,,,,,0.424,-0.654,0.878
2022-10-26,0,,0.0,1.0,,,,,,,,,0.424,-0.208,0.64
2022-10-27,1,ECB,1.081,6.088,,,,,1.435,1.512,1.081,0.469,0.424,0.238,0.402
2022-10-28,0,,0.0,1.0,,,,,,,,,0.424,0.682,0.164
2022-10-31,0,,0.0,1.0,,,,,,,,,0.424,0.685,0.16
2022-11-01,0,,0.0,1.0,,,,,,,,,0.424,0.685,-1.473
2022-11-02,1,FOMC,0.465,5.772,-8.72,-7.72,-3.51,2.20,0.554,0.530,0.465,0.262,0.424,0.685,0.157
2022-11-03,0,,0.0,1.0,,,,,,,,,0.424,0.685,-1.245
2022-11-04,1,NFP,0.0,3.289,,,,,,,,,0.424,0.685,0.154
2022-11-07,0,,0.0,1.0,,,,,,,,,0.424,-0.201,0.616
2022-11-08,0,,0.0,1.0,,,,,,,,,0.424,-0.198,0.611
2022-11-09,1,AUCTION,0.0,1.886,,,,,,,,,0.424,-0.194,0.605
2022-11-10,1,AUCTION,0.0,1.884,,,,,,,,,0.424,-0.191,0.599
2022-11-14,0,,0.0,1.0,,,,,,,,,0.424,0.257,0.359
2022-11-15,0,,0.0,1.0,,,,,,,,,0.424,0.704,0.118
2022-11-16,1,AUCTION,0.0,2.089,,,,,,,,,0.424,1.147,-0.83
2022-11-17,1,AUCTION,0.0,1.922,,,,,,,,,0.424,0.701,-1.066
2022-11-18,0,,0.0,1.0,,,,,,,,,0.424,0.701,-0.596
2022-11-21,0,,0.0,1.0,,,,,,,,,0.424,0.701,-1.305
2022-11-22,0,,0.0,1.0,,,,,,,,,0.424,0.701,0.112
2022-11-23,0,,0.0,1.0,,,,,,,,,0.424,0.257,0.344
2022-11-25,0,,0.0,1.0,,,,,,,,,0.424,0.704,-0.373
2022-11-28,0,,0.0,1.0,,,,,,,,,0.424,0.704,-1.088
2022-11-29,0,,0.0,1.0,,,,,,,,,0.424,1.146,-0.139
2022-11-30,0,,0.0,1.0,,,,,,,,,0.424,1.587,-0.623
2022-12-01,0,,0.0,1.0,,,,,,,,,0.424,1.577,-1.105
2022-12-02,1,NFP,0.0,3.471,,,,,,,,,0.424,1.13,-0.388
2022-12-05,0,,0.0,1.0,,,,,,,,,0.424,1.127,-0.393
2022-12-06,0,,0.0,1.0,,,,,,,,,0.424,0.685,-0.399
2022-12-07,0,,0.0,1.0,,,,,,,,,0.424,0.685,-0.885
2022-12-08,0,,0.0,1.0,,,,,,,,,0.424,0.685,-0.887
2022-12-09,0,,0.0,1.0,,,,,,,,,0.424,0.685,-0.889
2022-12-12,1,AUCTION,0.0,1.916,,,,,,,,,0.424,0.685,-0.891
2022-12-13,1,AUCTION,0.0,1.916,,,,,,,,,0.424,0.685,-0.65
2022-12-14,1,FOMC,0.03,5.6,8.58,6.04,2.74,-1.78,-0.192,-0.232,0.030,0.248,0.424,0.685,-0.654
2022-12-15,1,ECB,-0.453,7.018,,,,,-1.020,-1.117,-0.453,0.217,0.424,1.558,-0.413
2022-12-16,0,,0.0,1.0,,,,,,,,,0.424,1.549,-0.417
2022-12-19,0,,0.0,1.0,,,,,,,,,0.424,0.673,-0.666
2022-12-20,0,,0.0,1.0,,,,,,,,,0.424,0.67,-0.177
2022-12-21,1,AUCTION,0.0,1.91,,,,,,,,,0.424,0.67,-0.182
2022-12-22,0,,0.0,1.0,,,,,,,,,0.424,0.67,-0.186
2022-12-23,0,,0.0,1.0,,,,,,,,,0.424,0.67,-1.664
2022-12-27,0,,0.0,1.0,,,,,,,,,0.424,0.67,-1.171
2022-12-28,0,,0.0,1.0,,,,,,,,,0.424,0.67,0.058
2022-12-29,0,,0.0,1.0,,,,,,,,,0.424,0.67,0.054
2022-12-30,0,,0.0,1.0,,,,,,,,,0.424,0.67,0.791
2023-01-03,0,,0.0,1.0,,,,,,,,,0.424,1.108,-0.456
2023-01-04,0,,0.0,1.0,,,,,,,,,0.424,0.67,-0.211
2023-01-05,0,,0.0,1.0,,,,,,,,,0.424,1.105,-0.216
2023-01-06,1,NFP,0.0,3.453,,,,,,,,,0.424,1.101,-0.22
2023-01-09,0,,0.0,1.0,,,,,,,,,0.424,1.098,-0.225
2023-01-10,0,,0.0,1.0,,,,,,,,,0.424,1.094,-1.233
2023-01-11,1,AUCTION,0.0,1.906,,,,,,,,,0.424,0.659,-0.983
2023-01-12,1,AUCTION,0.0,1.906,,,,,,,,,0.424,0.659,-0.985
2023-01-13,0,,0.0,1.0,,,,,,,,,0.424,0.659,-0.988
2023-01-17,0,,0.0,1.0,,,,,,,,,0.424,1.091,-0.738
2023-01-18,1,AUCTION,0.0,1.905,,,,,,,,,0.424,0.657,-1.245
2023-01-19,1,AUCTION,0.0,2.067,,,,,,,,,0.424,1.087,-1.495
2023-01-20,0,,0.0,1.0,,,,,,,,,0.424,0.654,-1.492
2023-01-23,0,,0.0,1.0,,,,,,,,,0.424,0.652,-1.982
2023-01-24,0,,0.0,1.0,,,,,,,,,0.424,0.652,-1.476
2023-01-25,0,,0.0,1.0,,,,,,,,,0.424,1.079,-1.962
2023-01-26,0,,0.0,1.0,,,,,,,,,0.424,0.647,-1.461
2023-01-27,0,,0.0,1.0,,,,,,,,,0.424,0.644,-1.7
2023-01-30,0,,0.0,1.0,,,,,,,,,0.424,0.642,-1.201
2023-01-31,0,,0.0,1.0,,,,,,,,,0.424,1.071,-1.201
2023-02-01,1,FOMC,-0.454,6.026,1.97,1.55,1.66,1.88,-0.924,-1.031,-0.454,0.160,0.424,1.067,-1.456
2023-02-02,1,ECB,-0.821,6.587,,,,,-1.485,-1.655,-0.821,0.138,0.424,1.064,-1.698
2023-02-03,1,NFP,0.0,3.161,,,,,,,,,0.424,0.634,-1.691
2023-02-06,0,,0.0,1.0,,,,,,,,,0.424,0.634,-1.926
2023-02-07,0,,0.0,1.0,,,,,,,,,0.424,0.634,-1.674
2023-02-08,1,AUCTION,0.0,1.897,,,,,,,,,0.424,0.634,-1.667
2023-02-09,1,AUCTION,0.0,2.057,,,,,,,,,0.424,1.061,-1.419
2023-02-10,0,,0.0,1.0,,,,,,,,,0.424,0.629,-1.655
2023-02-13,0,,0.0,1.0,,,,,,,,,0.424,0.629,-1.648
2023-02-14,0,,0.0,1.0,,,,,,,,,0.424,0.629,-1.642
2023-02-15,1,AUCTION,0.0,1.895,,,,,,,,,0.424,0.629,-1.397
2023-02-16,1,AUCTION,0.0,1.895,,,,,,,,,0.424,0.629,-1.394
2023-02-17,0,,0.0,1.0,,,,,,,,,0.424,0.629,-1.391
2023-02-21,0,,0.0,1.0,,,,,,,,,0.424,0.629,-1.863
2023-02-22,0,,0.0,1.0,,,,,,,,,0.424,0.629,-1.852
2023-02-23,0,,0.0,1.0,,,,,,,,,0.424,0.629,-2.075
2023-02-24,0,,0.0,1.0,,,,,,,,,0.424,0.629,-2.058
2023-02-27,0,,0.0,1.0,,,,,,,,,0.424,1.055,-1.812
2023-02-28,0,,0.0,1.0,,,,,,,,,0.424,1.052,-1.339
2023-03-01,0,,0.0,1.0,,,,,,,,,0.424,0.624,-1.574
2023-03-02,0,,0.0,1.0,,,,,,,,,0.424,1.049,-1.344
2023-03-03,0,,0.0,1.0,,,,,,,,,0.424,1.045,-1.812
2023-03-06,0,,0.0,1.0,,,,,,,,,0.424,1.042,-1.802
2023-03-07,0,,0.0,1.0,,,,,,,,,0.424,1.039,-2.02
2023-03-08,1,AUCTION,0.0,2.047,,,,,,,,,0.424,1.036,-1.778
2023-03-09,1,AUCTION,0.0,2.046,,,,,,,,,0.424,1.033,-1.768
2023-03-10,1,NFP,0.0,3.408,,,,,,,,,0.424,1.03,-1.984
2023-03-13,0,,0.0,1.0,,,,,,,,,0.424,0.606,-1.519
2023-03-14,0,,0.0,1.0,,,,,,,,,0.424,0.606,-0.147
2023-03-15,0,,0.0,1.0,,,,,,,,,0.424,1.859,-0.151
2023-03-16,1,ECB,0.313,7.155,,,,,0.179,0.220,0.313,0.264,0.424,1.431,-0.614
2023-03-17,0,,0.0,1.0,,,,,,,,,0.424,0.592,-1.312
2023-03-20,0,,0.0,1.0,,,,,,,,,0.424,0.592,-1.547
2023-03-21,1,AUCTION,0.0,1.881,,,,,,,,,0.424,0.592,-1.533
2023-03-22,1,FOMC,0.474,5.331,-8.41,-5.54,-1.51,1.04,0.596,0.557,0.474,0.275,0.424,0.59,-1.519
2023-03-23,1,AUCTION,0.0,1.879,,,,,,,,,0.424,0.586,-1.504
2023-03-24,0,,0.0,1.0,,,,,,,,,0.424,0.581,-1.039
2023-03-27,0,,0.0,1.0,,,,,,,,,0.424,0.992,-0.122
2023-03-28,0,,0.0,1.0,,,,,,,,,0.424,2.216,-0.347
2023-03-29,0,,0.0,1.0,,,,,,,,,0.424,1.782,-0.571
2023-03-30,0,,0.0,1.0,,,,,,,,,0.424,1.359,-0.794
2023-03-31,0,,0.0,1.0,,,,,,,,,0.424,3.32,-0.332
2023-04-03,0,,0.0,1.0,,,,,,,,,0.424,2.09,-0.33
2023-04-04,0,,0.0,1.0,,,,,,,,,0.424,1.678,-0.555
2023-04-05,0,,0.0,1.0,,,,,,,,,0.424,0.884,-0.552
2023-04-06,0,,0.0,1.0,,,,,,,,,0.424,0.881,-1.003
2023-04-07,1,NFP,0.0,3.314,,,,,,,,,0.424,0.879,-0.997
2023-04-10,0,,0.0,1.0,,,,,,,,,0.424,0.876,-0.99
2023-04-11,0,,0.0,1.0,,,,,,,,,0.424,0.482,-0.984
2023-04-12,1,AUCTION,0.0,1.84,,,,,,,,,0.424,0.482,-1.425
2023-04-13,1,AUCTION,0.0,1.839,,,,,,,,,0.424,0.481,-0.518
2023-04-14,0,,0.0,1.0,,,,,,,,,0.424,0.479,-1.409
2023-04-17,0,,0.0,1.0,,,,,,,,,0.424,0.477,-1.175
2023-04-18,0,,0.0,1.0,,,,,,,,,0.424,0.475,-0.943
2023-04-19,1,AUCTION,0.0,1.836,,,,,,,,,0.424,0.472,-1.379
2023-04-20,0,,0.0,1.0,,,,,,,,,0.424,0.467,-1.587
2023-04-21,0,,0.0,1.0,,,,,,,,,0.424,0.462,-1.572
2023-04-24,0,,0.0,1.0,,,,,,,,,0.424,0.458,-1.339
2023-04-25,0,,0.0,1.0,,,,,,,,,0.424,0.453,-1.108
2023-04-26,0,,0.0,1.0,,,,,,,,,0.424,0.449,-1.099
2023-04-27,0,,0.0,1.0,,,,,,,,,0.424,0.838,-1.09
2023-04-28,0,,0.0,1.0,,,,,,,,,0.424,0.832,-0.643
2023-05-01,0,,0.0,1.0,,,,,,,,,0.424,0.827,-0.858
2023-05-02,0,,0.0,1.0,,,,,,,,,0.424,0.824,-0.852
2023-05-03,1,FOMC,-0.039,5.533,0.00,1.02,1.88,2.54,-0.251,-0.324,-0.039,0.209,0.424,0.822,-0.628
2023-05-04,1,ECB,0.576,6.236,,,,,0.833,0.769,0.576,0.266,0.424,0.82,-0.624
2023-05-05,1,NFP,0.0,3.274,,,,,,,,,0.424,0.815,-0.41
2023-05-08,0,,0.0,1.0,,,,,,,,,0.424,0.81,-0.626
2023-05-09,0,,0.0,1.0,,,,,,,,,0.424,0.804,-0.62
2023-05-10,1,AUCTION,0.0,1.958,,,,,,,,,0.424,0.799,-0.615
2023-05-11,1,AUCTION,0.0,1.811,,,,,,,,,0.424,0.405,-1.268
2023-05-12,0,,0.0,1.0,,,,,,,,,0.424,0.403,-1.04
2023-05-15,0,,0.0,1.0,,,,,,,,,0.424,0.79,-1.032
2023-05-16,0,,0.0,1.0,,,,,,,,,0.424,0.4,-0.817
2023-05-17,1,AUCTION,0.0,1.809,,,,,,,,,0.424,0.4,-0.811
2023-05-18,1,AUCTION,0.0,1.808,,,,,,,,,0.424,0.398,-0.805
2023-05-19,0,,0.0,1.0,,,,,,,,,0.424,0.396,-1.018
2023-05-22,0,,0.0,1.0,,,,,,,,,0.424,0.393,-1.228
2023-05-23,0,,0.0,1.0,,,,,,,,,0.424,0.39,-1.0
2023-05-24,0,,0.0,1.0,,,,,,,,,0.424,0.387,-0.775
2023-05-25,0,,0.0,1.0,,,,,,,,,0.424,0.771,0.324
2023-05-26,0,,0.0,1.0,,,,,,,,,0.424,0.766,0.545
2023-05-30,0,,0.0,1.0,,,,,,,,,0.424,0.761,-0.111
2023-05-31,0,,0.0,1.0,,,,,,,,,0.424,1.525,-0.116
2023-06-01,0,,0.0,1.0,,,,,,,,,0.424,1.514,0.545
2023-06-02,1,NFP,0.0,3.806,,,,,,,,,0.424,1.121,0.545
2023-06-05,0,,0.0,1.0,,,,,,,,,0.424,0.731,-0.333
2023-06-06,0,,0.0,1.0,,,,,,,,,0.424,0.344,-0.768
2023-06-07,0,,0.0,1.0,,,,,,,,,0.424,0.34,-0.762
2023-06-08,0,,0.0,1.0,,,,,,,,,0.424,0.335,-0.975
2023-06-09,0,,0.0,1.0,,,,,,,,,0.424,0.329,-1.187
2023-06-12,1,AUCTION,0.0,1.78,,,,,,,,,0.424,0.322,-1.178
2023-06-13,1,AUCTION,0.0,1.777,,,,,,,,,0.424,0.315,-0.95
2023-06-14,1,FOMC,-0.18,4.939,11.78,9.21,4.86,1.10,-0.526,-0.586,-0.180,0.205,0.424,0.308,-0.949
2023-06-15,1,ECB,-0.866,6.73,,,,,-1.743,-1.853,-0.866,0.239,0.424,1.133,-0.49
2023-06-16,0,,0.0,1.0,,,,,,,,,0.424,0.288,-0.716
2023-06-20,0,,0.0,1.0,,,,,,,,,0.424,0.725,-0.947
2023-06-21,1,AUCTION,0.0,1.933,,,,,,,,,0.424,0.73,-0.946
2023-06-22,0,,0.0,1.0,,,,,,,,,0.424,0.738,-0.945
2023-06-23,0,,0.0,1.0,,,,,,,,,0.424,0.754,-0.7
2023-06-26,0,,0.0,1.0,,,,,,,,,0.424,0.762,-0.696
2023-06-27,0,,0.0,1.0,,,,,,,,,0.424,0.757,-0.438
2023-06-28,0,,0.0,1.0,,,,,,,,,0.424,1.279,-0.179
2023-06-29,0,,0.0,1.0,,,,,,,,,0.424,1.271,0.082
2023-06-30,0,,0.0,1.0,,,,,,,,,0.424,2.323,0.081
2023-07-03,0,,0.0,1.0,,,,,,,,,0.424,0.712,-0.169
2023-07-05,0,,0.0,1.0,,,,,,,,,0.424,0.708,-0.426
2023-07-06,0,,0.0,1.0,,,,,,,,,0.424,0.703,-0.166
2023-07-07,1,NFP,0.0,3.201,,,,,,,,,0.424,0.698,-0.418
2023-07-10,0,,0.0,1.0,,,,,,,,,0.424,1.223,-0.413
2023-07-11,0,,0.0,1.0,,,,,,,,,0.424,0.683,-0.921
2023-07-12,1,AUCTION,0.0,1.713,,,,,,,,,0.424,0.146,-0.657
2023-07-13,1,AUCTION,0.0,1.912,,,,,,,,,0.424,0.675,-1.165
2023-07-14,0,,0.0,1.0,,,,,,,,,0.424,0.135,-0.642
2023-07-17,0,,0.0,1.0,,,,,,,,,0.424,0.667,-0.894
2023-07-18,0,,0.0,1.0,,,,,,,,,0.424,0.662,-0.886
2023-07-19,1,AUCTION,0.0,1.706,,,,,,,,,0.424,0.124,-0.879
2023-07-20,1,AUCTION,0.0,1.904,,,,,,,,,0.424,0.655,-1.129
2023-07-21,0,,0.0,1.0,,,,,,,,,0.424,0.114,-0.863
2023-07-24,0,,0.0,1.0,,,,,,,,,0.424,0.108,-1.114
2023-07-25,0,,0.0,1.0,,,,,,,,,0.424,0.642,-0.847
2023-07-26,1,FOMC,0.265,5.351,0.42,-0.44,0.00,-0.74,0.206,0.179,0.265,0.267,0.424,0.636,-0.581
2023-07-27,1,ECB,0.36,6.129,,,,,0.504,0.439,0.360,0.173,0.424,0.631,-0.315
2023-07-28,0,,0.0,1.0,,,,,,,,,0.424,0.085,-0.31
2023-07-31,0,,0.0,1.0,,,,,,,,,0.424,0.622,-0.566
2023-08-01,0,,0.0,1.0,,,,,,,,,0.424,0.616,-0.828
2023-08-02,0,,0.0,1.0,,,,,,,,,0.424,0.072,-0.832
2023-08-03,0,,0.0,1.0,,,,,,,,,0.424,0.07,-0.825
2023-08-04,1,NFP,0.0,2.807,,,,,,,,,0.424,0.068,-1.081
2023-08-07,0,,0.0,1.0,,,,,,,,,0.424,0.063,-1.072
2023-08-08,0,,0.0,1.0,,,,,,,,,0.424,0.059,-1.064
2023-08-09,1,AUCTION,0.0,1.68,,,,,,,,,0.424,0.057,-1.055
2023-08-10,1,AUCTION,0.0,1.679,,,,,,,,,0.424,0.053,-1.047
2023-08-11,0,,0.0,1.0,,,,,,,,,0.424,0.048,-0.776
2023-08-14,0,,0.0,1.0,,,,,,,,,0.424,0.044,-0.769
2023-08-15,0,,0.0,1.0,,,,,,,,,0.424,0.042,-0.497
2023-08-16,0,,0.0,1.0,,,,,,,,,0.424,0.04,-0.758
2023-08-17,0,,0.0,1.0,,,,,,,,,0.424,0.038,-1.017
2023-08-18,0,,0.0,1.0,,,,,,,,,0.424,0.033,-1.274
2023-08-21,0,,0.0,1.0,,,,,,,,,0.424,0.029,-1.529
2023-08-22,0,,0.0,1.0,,,,,,,,,0.424,0.024,-1.257
2023-08-23,1,AUCTION,0.0,1.666,,,,,,,,,0.424,0.018,-1.248
2023-08-24,1,AUCTION,0.0,1.663,,,,,,,,,0.424,0.011,-0.974
2023-08-25,0,,0.0,1.0,,,,,,,,,0.424,0.007,-0.699
2023-08-28,0,,0.0,1.0,,,,,,,,,0.424,0.002,-0.693
2023-08-29,0,,0.0,1.0,,,,,,,,,0.424,-0.002,-0.417
2023-08-30,0,,0.0,1.0,,,,,,,,,0.424,-0.005,-0.411
2023-08-31,0,,0.0,1.0,,,,,,,,,0.424,0.557,-0.677
2023-09-01,1,NFP,0.0,3.11,,,,,,,,,0.424,0.553,-0.671
2023-09-05,0,,0.0,1.0,,,,,,,,,0.424,0.548,-0.665
2023-09-06,0,,0.0,1.0,,,,,,,,,0.424,-0.02,-0.658
2023-09-07,0,,0.0,1.0,,,,,,,,,0.424,0.541,-0.652
2023-09-08,0,,0.0,1.0,,,,,,,,,0.424,-0.032,-0.646
2023-09-11,0,,0.0,1.0,,,,,,,,,0.424,-0.037,-0.64
2023-09-12,1,AUCTION,0.0,1.659,,,,,,,,,0.424,-0.041,-0.634
2023-09-13,1,AUCTION,0.0,1.659,,,,,,,,,0.424,-0.046,-0.627
2023-09-14,1,ECB,-0.107,5.32,,,,,-0.364,-0.428,-0.107,0.185,0.424,-0.053,-0.621
2023-09-15,0,,0.0,1.0,,,,,,,,,0.424,0.519,-0.615
2023-09-18,0,,0.0,1.0,,,,,,,,,0.424,0.513,-0.325
2023-09-19,1,AUCTION,0.0,1.849,,,,,,,,,0.424,0.507,-0.605
2023-09-20,1,FOMC,-0.231,4.619,6.52,6.25,3.00,0.44,-0.590,-0.674,-0.231,0.202,0.424,-0.09,-0.599
2023-09-21,1,AUCTION,0.0,1.659,,,,,,,,,0.424,-0.104,-0.594
2023-09-22,0,,0.0,1.0,,,,,,,,,0.424,-0.122,-0.588
2023-09-25,0,,0.0,1.0,,,,,,,,,0.424,0.498,-0.286
2023-09-26,0,,0.0,1.0,,,,,,,,,0.424,0.497,0.329
2023-09-27,0,,0.0,1.0,,,,,,,,,0.424,1.19,0.039
2023-09-28,0,,0.0,1.0,,,,,,,,,0.424,0.499,0.373
2023-09-29,0,,0.0,1.0,,,,,,,,,0.424,0.521,0.072
2023-10-02,0,,0.0,1.0,,,,,,,,,0.424,1.407,0.089
2023-10-03,0,,0.0,1.0,,,,,,,,,0.424,2.339,0.103
2023-10-04,0,,0.0,1.0,,,,,,,,,0.424,1.417,0.111
2023-10-05,0,,0.0,1.0,,,,,,,,,0.424,1.406,-0.234
2023-10-06,1,NFP,0.0,3.153,,,,,,,,,0.424,0.494,0.127
2023-10-10,0,,0.0,1.0,,,,,,,,,0.424,0.49,0.489
2023-10-11,1,AUCTION,0.0,2.027,,,,,,,,,0.424,0.487,0.495
2023-10-12,1,AUCTION,0.0,2.028,,,,,,,,,0.424,0.481,0.504
2023-10-13,0,,0.0,1.0,,,,,,,,,0.424,0.475,0.514
2023-10-16,0,,0.0,1.0,,,,,,,,,0.424,0.469,0.523
2023-10-17,0,,0.0,1.0,,,,,,,,,0.424,0.466,0.164
2023-10-18,1,AUCTION,0.0,1.659,,,,,,,,,0.424,-0.456,-0.198
2023-10-19,0,,0.0,1.0,,,,,,,,,0.424,-0.461,-0.935
2023-10-20,0,,0.0,1.0,,,,,,,,,0.424,-0.474,-1.305
2023-10-23,0,,0.0,1.0,,,,,,,,,0.424,-0.495,-1.306
2023-10-24,0,,0.0,1.0,,,,,,,,,0.424,-0.531,-0.925
2023-10-25,0,,0.0,1.0,,,,,,,,,0.424,-0.556,-0.53
2023-10-26,1,ECB,-1.184,5.91,,,,,-2.463,-2.526,-1.184,0.409,0.424,0.452,-0.525
2023-10-27,0,,0.0,1.0,,,,,,,,,0.424,0.446,-0.519
2023-10-30,0,,0.0,1.0,,,,,,,,,0.424,0.442,-0.513
2023-10-31,0,,0.0,1.0,,,,,,,,,0.424,4.378,-0.096
2023-11-01,1,FOMC,-0.263,6.92,-1.46,-1.23,-0.42,0.72,-0.620,-0.714,-0.263,0.193,0.424,1.386,0.723
2023-11-02,0,,0.0,1.0,,,,,,,,,0.424,2.34,0.32
2023-11-03,1,NFP,0.0,4.064,,,,,,,,,0.424,1.348,0.73
2023-11-06,0,,0.0,1.0,,,,,,,,,0.424,1.336,0.324
2023-11-07,0,,0.0,1.0,,,,,,,,,0.424,1.334,-0.085
2023-11-08,1,AUCTION,0.0,2.158,,,,,,,,,0.424,1.332,-0.075
2023-11-09,1,AUCTION,0.0,2.299,,,,,,,,,0.424,1.33,0.376
2023-11-10,0,,0.0,1.0,,,,,,,,,0.424,1.329,1.726
2023-11-13,0,,0.0,1.0,,,,,,,,,0.424,1.32,0.4
2023-11-14,0,,0.0,1.0,,,,,,,,,0.424,1.308,0.412
2023-11-15,0,,0.0,1.0,,,,,,,,,0.424,1.3,0.412
2023-11-16,0,,0.0,1.0,,,,,,,,,0.424,1.289,0.41
2023-11-17,0,,0.0,1.0,,,,,,,,,0.424,1.278,0.412
2023-11-20,1,AUCTION,0.0,1.759,,,,,,,,,0.424,0.266,-0.048
2023-11-21,1,AUCTION,0.0,1.757,,,,,,,,,0.424,0.263,-0.499
2023-11-22,0,,0.0,1.0,,,,,,,,,0.424,0.256,-0.494
2023-11-24,0,,0.0,1.0,,,,,,,,,0.424,1.262,-0.019
2023-11-27,0,,0.0,1.0,,,,,,,,,0.424,1.251,0.918
2023-11-28,0,,0.0,1.0,,,,,,,,,0.424,1.243,0.456
2023-11-29,0,,0.0,1.0,,,,,,,,,0.424,0.239,1.398
2023-11-30,0,,0.0,1.0,,,,,,,,,0.424,2.243,3.644
2023-12-01,0,,0.0,1.0,,,,,,,,,0.424,7.302,0.432
2023-12-04,0,,0.0,1.0,,,,,,,,,0.424,5.193,0.437
2023-12-05,0,,0.0,1.0,,,,,,,,,0.424,1.809,1.818
2023-12-06,0,,0.0,1.0,,,,,,,,,0.424,0.966,1.348
2023-12-07,0,,0.0,1.0,,,,,,,,,0.424,0.958,0.429
2023-12-08,1,NFP,0.0,3.359,,,,,,,,,0.424,0.951,-0.029
2023-12-11,1,AUCTION,0.0,2.013,,,,,,,,,0.424,0.943,-0.028
2023-12-12,1,AUCTION,0.0,1.699,,,,,,,,,0.424,0.107,-0.024
2023-12-13,1,FOMC,-0.132,4.717,-13.85,-12.39,-8.17,-5.07,-0.413,-0.509,-0.132,0.247,0.424,0.104,-0.48
2023-12-14,1,ECB,0.016,5.356,,,,,-0.256,-0.319,0.016,0.335,0.424,0.107,-0.934
2023-12-15,0,,0.0,1.0,,,,,,,,,0.424,0.944,-0.004
2023-12-18,0,,0.0,1.0,,,,,,,,,0.424,0.936,-0.0
2023-12-19,0,,0.0,1.0,,,,,,,,,0.424,0.097,-0.459
2023-12-20,1,AUCTION,0.0,1.694,,,,,,,,,0.424,0.094,-1.386
2023-12-21,0,,0.0,1.0,,,,,,,,,0.424,0.091,-0.91
2023-12-22,0,,0.0,1.0,,,,,,,,,0.424,0.922,0.03
2023-12-26,0,,0.0,1.0,,,,,,,,,0.424,3.345,1.438
2023-12-27,0,,0.0,1.0,,,,,,,,,0.424,6.089,2.835
2023-12-28,0,,0.0,1.0,,,,,,,,,0.424,6.261,6.121
2023-12-29,0,,0.0,1.0,,,,,,,,,0.424,4.637,7.777
2024-01-02,0,,0.0,1.0,,,,,,,,,0.424,5.561,2.3
2024-01-03,0,,0.0,1.0,,,,,,,,,0.424,4.697,1.527
2024-01-04,0,,0.0,1.0,,,,,,,,,0.424,0.532,0.76
2024-01-05,1,NFP,0.0,2.765,,,,,,,,,0.424,-0.062,-0.397
2024-01-08,0,,0.0,1.0,,,,,,,,,0.424,-0.062,-0.391
2024-01-09,0,,0.0,1.0,,,,,,,,,0.424,-0.062,-0.39
2024-01-10,1,AUCTION,0.0,1.659,,,,,,,,,0.424,-0.064,-0.387
2024-01-11,1,AUCTION,0.0,1.659,,,,,,,,,0.424,-0.067,-0.383
2024-01-12,0,,0.0,1.0,,,,,,,,,0.424,-0.069,-0.38
2024-01-16,0,,0.0,1.0,,,,,,,,,0.424,0.524,0.014
2024-01-17,1,AUCTION,0.0,1.859,,,,,,,,,0.424,0.519,0.014
2024-01-18,1,AUCTION,0.0,1.659,,,,,,,,,0.424,-0.076,-0.378
2024-01-19,0,,0.0,1.0,,,,,,,,,0.424,-0.079,-1.541
2024-01-22,0,,0.0,1.0,,,,,,,,,0.424,-0.081,-1.151
2024-01-23,0,,0.0,1.0,,,,,,,,,0.424,-0.084,-1.145
2024-01-24,0,,0.0,1.0,,,,,,,,,0.424,-0.084,-0.371
2024-01-25,1,ECB,-0.181,6.42,,,,,-0.495,-0.577,-0.181,0.207,0.424,0.509,0.406
2024-01-26,0,,0.0,1.0,,,,,,,,,0.424,0.504,0.012
2024-01-29,0,,0.0,1.0,,,,,,,,,0.424,-0.096,-0.376
2024-01-30,0,,0.0,1.0,,,,,,,,,0.424,-0.096,-0.375
2024-01-31,1,FOMC,0.453,5.6,1.44,1.38,1.13,1.13,0.510,0.498,0.453,0.282,0.424,0.5,0.403
2024-02-01,0,,0.0,1.0,,,,,,,,,0.424,0.497,0.398
2024-02-02,1,NFP,0.0,3.562,,,,,,,,,0.424,0.493,0.783
2024-02-05,0,,0.0,1.0,,,,,,,,,0.424,-0.108,-0.003
2024-02-06,0,,0.0,1.0,,,,,,,,,0.424,-0.11,-0.397
2024-02-07,1,AUCTION,0.0,1.659,,,,,,,,,0.424,-0.113,-0.399
2024-02-08,1,AUCTION,0.0,1.659,,,,,,,,,0.424,-0.113,-0.399
2024-02-09,0,,0.0,1.0,,,,,,,,,0.424,-0.115,-0.401
2024-02-12,0,,0.0,1.0,,,,,,,,,0.424,-0.118,-0.402
2024-02-13,0,,0.0,1.0,,,,,,,,,0.424,-0.12,-0.796
2024-02-14,0,,0.0,1.0,,,,,,,,,0.424,-0.722,-0.793
2024-02-15,0,,0.0,1.0,,,,,,,,,0.424,-0.123,-1.18
2024-02-16,0,,0.0,1.0,,,,,,,,,0.424,-0.725,-1.174
2024-02-20,0,,0.0,1.0,,,,,,,,,0.424,-0.725,-1.174
2024-02-21,1,AUCTION,0.0,1.659,,,,,,,,,0.424,-0.725,-1.174
2024-02-22,1,AUCTION,0.0,1.659,,,,,,,,,0.424,-0.725,-0.789
2024-02-23,0,,0.0,1.0,,,,,,,,,0.424,-0.125,-0.795
2024-02-26,0,,0.0,1.0,,,,,,,,,0.424,-0.125,-0.013
2024-02-27,0,,0.0,1.0,,,,,,,,,0.424,-0.125,-0.407
2024-02-28,0,,0.0,1.0,,,,,,,,,0.424,-0.128,-1.193
2024-02-29,0,,0.0,1.0,,,,,,,,,0.424,0.473,-0.405
2024-03-01,0,,0.0,1.0,,,,,,,,,0.424,-0.13,-0.409
2024-03-04,0,,0.0,1.0,,,,,,,,,0.424,-0.13,-0.807
2024-03-05,0,,0.0,1.0,,,,,,,,,0.424,-0.13,-0.814
2024-03-06,0,,0.0,1.0,,,,,,,,,0.424,-0.13,-1.211
2024-03-07,1,ECB,-0.192,5.249,,,,,-0.513,-0.596,-0.192,0.206,0.424,-0.13,-1.211
2024-03-08,1,NFP,0.0,2.765,,,,,,,,,0.424,-0.13,-0.82
2024-03-11,0,,0.0,1.0,,,,,,,,,0.424,-0.133,-0.423
2024-03-12,1,AUCTION,0.0,1.659,,,,,,,,,0.424,-0.135,-0.417
2024-03-13,1,AUCTION,0.0,1.659,,,,,,,,,0.424,-0.131,-0.411
2024-03-14,0,,0.0,1.0,,,,,,,,,0.424,-0.128,-0.808
2024-03-15,0,,0.0,1.0,,,,,,,,,0.424,-0.131,-0.003
2024-03-18,0,,0.0,1.0,,,,,,,,,0.424,-0.134,-0.81
2024-03-19,1,AUCTION,0.0,1.659,,,,,,,,,0.424,-0.136,-1.209
2024-03-20,1,FOMC,0.049,4.652,-2.77,-0.36,1.59,3.21,-0.130,-0.187,0.049,0.234,0.424,-0.139,-1.206
2024-03-21,1,AUCTION,0.0,1.659,,,,,,,,,0.424,-0.141,-0.804
2024-03-22,0,,0.0,1.0,,,,,,,,,0.424,-0.144,0.4
2024-03-25,0,,0.0,1.0,,,,,,,,,0.424,-0.144,0.808
2024-03-26,0,,0.0,1.0,,,,,,,,,0.424,0.473,0.811
2024-03-27,0,,0.0,1.0,,,,,,,,,0.424,1.087,2.004
2024-03-28,0,,0.0,1.0,,,,,,,,,0.424,1.686,1.591
2024-04-01,0,,0.0,1.0,,,,,,,,,0.424,2.335,2.364
2024-04-02,0,,0.0,1.0,,,,,,,,,0.424,1.716,2.34
2024-04-03,0,,0.0,1.0,,,,,,,,,0.424,0.481,0.379
2024-04-04,0,,0.0,1.0,,,,,,,,,0.424,0.479,-0.403
2024-04-05,1,NFP,0.0,3.062,,,,,,,,,0.424,0.476,-0.009
2024-04-08,0,,0.0,1.0,,,,,,,,,0.424,-0.144,-0.009
2024-04-09,0,,0.0,1.0,,,,,,,,,0.424,-0.144,-0.401
2024-04-10,1,AUCTION,0.0,1.659,,,,,,,,,0.424,-0.146,-0.79
2024-04-11,1,ECB,0.735,5.19,,,,,0.957,0.976,0.735,0.315,0.424,-0.149,-0.79
2024-04-12,0,,0.0,1.0,,,,,,,,,0.424,-0.152,-0.393
2024-04-15,0,,0.0,1.0,,,,,,,,,0.424,0.465,0.389
2024-04-16,0,,0.0,1.0,,,,,,,,,0.424,-0.159,-0.006
2024-04-17,1,AUCTION,0.0,1.659,,,,,,,,,0.424,-0.162,-0.789
2024-04-18,0,,0.0,1.0,,,,,,,,,0.424,-0.786,-0.398
2024-04-19,0,,0.0,1.0,,,,,,,,,0.424,-0.165,-1.185
2024-04-22,0,,0.0,1.0,,,,,,,,,0.424,-0.168,-1.185
2024-04-23,0,,0.0,1.0,,,,,,,,,0.424,-0.17,-0.792
2024-04-24,0,,0.0,1.0,,,,,,,,,0.424,-0.173,-0.398
2024-04-25,0,,0.0,1.0,,,,,,,,,0.424,-0.176,0.386
2024-04-26,0,,0.0,1.0,,,,,,,,,0.424,0.449,0.382
2024-04-29,0,,0.0,1.0,,,,,,,,,0.424,0.446,0.382
2024-04-30,0,,0.0,1.0,,,,,,,,,0.424,1.683,2.315
2024-05-01,1,FOMC,-0.817,5.711,-1.04,-1.60,-0.83,0.00,-1.503,-1.656,-0.817,0.132,0.424,0.434,0.367
2024-05-02,0,,0.0,1.0,,,,,,,,,0.424,-0.189,-0.02
2024-05-03,1,NFP,0.0,2.765,,,,,,,,,0.424,-0.189,-0.406
2024-05-06,0,,0.0,1.0,,,,,,,,,0.424,-0.189,-0.402
2024-05-07,0,,0.0,1.0,,,,,,,,,0.424,-0.189,-0.399
2024-05-08,1,AUCTION,0.0,1.659,,,,,,,,,0.424,-0.189,-0.783
2024-05-09,1,AUCTION,0.0,1.659,,,,,,,,,0.424,-0.189,-0.777
2024-05-10,0,,0.0,1.0,,,,,,,,,0.424,-0.192,-0.777
2024-05-13,0,,0.0,1.0,,,,,,,,,0.424,-0.195,-1.16
2024-05-14,0,,0.0,1.0,,,,,,,,,0.424,-0.195,-1.154
2024-05-15,0,,0.0,1.0,,,,,,,,,0.424,-0.198,-1.147
2024-05-16,0,,0.0,1.0,,,,,,,,,0.424,-0.2,0.011
2024-05-17,0,,0.0,1.0,,,,,,,,,0.424,-0.203,-0.757
2024-05-20,0,,0.0,1.0,,,,,,,,,0.424,-0.206,-0.755
2024-05-21,0,,0.0,1.0,,,,,,,,,0.424,-0.209,-0.755
2024-05-22,1,AUCTION,0.0,1.659,,,,,,,,,0.424,-0.212,-0.752
2024-05-23,1,AUCTION,0.0,1.659,,,,,,,,,0.424,-0.214,-0.749
2024-05-24,0,,0.0,1.0,,,,,,,,,0.424,0.414,-0.358
2024-05-28,0,,0.0,1.0,,,,,,,,,0.424,0.411,0.429
2024-05-29,0,,0.0,1.0,,,,,,,,,0.424,1.034,0.433
2024-05-30,0,,0.0,1.0,,,,,,,,,0.424,1.034,1.218
2024-05-31,0,,0.0,1.0,,,,,,,,,0.424,1.655,1.624
2024-06-03,0,,0.0,1.0,,,,,,,,,0.424,2.252,-0.344
2024-06-04,0,,0.0,1.0,,,,,,,,,0.424,1.004,0.458
2024-06-05,0,,0.0,1.0,,,,,,,,,0.424,0.996,0.058
2024-06-06,1,ECB,0.743,6.906,,,,,0.968,0.988,0.743,0.316,0.424,0.988,0.456
2024-06-07,1,NFP,0.0,3.66,,,,,,,,,0.424,0.98,0.452
2024-06-10,0,,0.0,1.0,,,,,,,,,0.424,0.357,0.448
2024-06-11,1,AUCTION,0.0,1.808,,,,,,,,,0.424,0.352,0.045
2024-06-12,1,FOMC,1.209,4.701,1.68,1.23,1.16,1.30,1.707,1.779,1.209,0.371,0.424,-0.271,0.043
2024-06-13,1,AUCTION,0.0,1.675,,,,,,,,,0.424,-0.274,0.042
2024-06-14,0,,0.0,1.0,,,,,,,,,0.424,-0.271,0.043
2024-06-17,0,,0.0,1.0,,,,,,,,,0.424,0.965,1.237
2024-06-18,1,AUCTION,0.0,2.33,,,,,,,,,0.424,0.959,0.832
2024-06-20,0,,0.0,1.0,,,,,,,,,0.424,0.335,0.032
2024-06-21,0,,0.0,1.0,,,,,,,,,0.424,-0.286,0.03
2024-06-24,0,,0.0,1.0,,,,,,,,,0.424,-0.286,-0.367
2024-06-25,0,,0.0,1.0,,,,,,,,,0.424,0.949,1.221
2024-06-26,0,,0.0,1.0,,,,,,,,,0.424,1.554,2.38
2024-06-27,0,,0.0,1.0,,,,,,,,,0.424,1.542,1.584
2024-06-28,0,,0.0,1.0,,,,,,,,,0.424,0.925,1.579
2024-07-01,0,,0.0,1.0,,,,,,,,,0.424,4.96,0.409
2024-07-02,0,,0.0,1.0,,,,,,,,,0.424,2.011,1.961
2024-07-03,0,,0.0,1.0,,,,,,,,,0.424,0.846,1.175
2024-07-05,1,NFP,0.0,3.422,,,,,,,,,0.424,0.264,0.787
2024-07-08,0,,0.0,1.0,,,,,,,,,0.424,0.262,0.398
2024-07-09,0,,0.0,1.0,,,,,,,,,0.424,1.41,1.17
2024-07-10,1,AUCTION,0.0,2.474,,,,,,,,,0.424,1.398,0.776
2024-07-11,1,AUCTION,0.0,2.324,,,,,,,,,0.424,1.386,0.387
2024-07-12,0,,0.0,1.0,,,,,,,,,0.424,1.374,0.383
2024-07-15,0,,0.0,1.0,,,,,,,,,0.424,1.362,1.532
2024-07-16,0,,0.0,1.0,,,,,,,,,0.424,1.91,1.518
2024-07-17,1,AUCTION,0.0,2.931,,,,,,,,,0.424,1.887,1.504
2024-07-18,1,ECB,-0.032,7.509,,,,,-0.260,-0.326,-0.032,0.225,0.424,1.314,0.734
2024-07-19,0,,0.0,1.0,,,,,,,,,0.424,1.303,0.347
2024-07-22,0,,0.0,1.0,,,,,,,,,0.424,0.737,0.344
2024-07-23,0,,0.0,1.0,,,,,,,,,0.424,1.286,0.34
2024-07-24,0,,0.0,1.0,,,,,,,,,0.424,1.275,1.098
2024-07-25,0,,0.0,1.0,,,,,,,,,0.424,1.812,1.468
2024-07-26,0,,0.0,1.0,,,,,,,,,0.424,1.792,1.83
2024-07-29,0,,0.0,1.0,,,,,,,,,0.424,0.685,1.069
2024-07-30,0,,0.0,1.0,,,,,,,,,0.424,0.681,0.688
2024-07-31,1,FOMC,-0.532,8.968,1.03,1.30,1.35,1.19,-1.051,-1.172,-0.532,0.166,0.424,3.342,1.057
2024-08-01,0,,0.0,1.0,,,,,,,,,0.424,1.709,2.155
2024-08-02,1,NFP,0.0,4.465,,,,,,,,,0.424,1.692,1.029
2024-08-05,0,,0.0,1.0,,,,,,,,,0.424,0.086,-0.091
2024-08-06,0,,0.0,1.0,,,,,,,,,0.424,0.615,-0.094
2024-08-07,1,AUCTION,0.0,1.991,,,,,,,,,0.424,0.609,0.275
2024-08-08,1,AUCTION,0.0,2.465,,,,,,,,,0.424,1.137,1.014
2024-08-09,0,,0.0,1.0,,,,,,,,,0.424,1.127,0.635
2024-08-12,0,,0.0,1.0,,,,,,,,,0.424,1.118,0.631
2024-08-13,0,,0.0,1.0,,,,,,,,,0.424,1.109,1.366
2024-08-14,0,,0.0,1.0,,,,,,,,,0.424,0.568,0.247
2024-08-15,0,,0.0,1.0,,,,,,,,,0.424,1.625,-0.127
2024-08-16,0,,0.0,1.0,,,,,,,,,0.424,0.017,0.242
2024-08-19,0,,0.0,1.0,,,,,,,,,0.424,0.013,-0.136
2024-08-20,0,,0.0,1.0,,,,,,,,,0.424,0.009,0.232
2024-08-21,1,AUCTION,0.0,1.659,,,,,,,,,0.424,-0.533,-0.9
2024-08-22,1,AUCTION,0.0,1.659,,,,,,,,,0.424,-0.536,-0.151
2024-08-23,0,,0.0,1.0,,,,,,,,,0.424,0.539,0.223
2024-08-26,0,,0.0,1.0,,,,,,,,,0.424,1.071,-0.158
2024-08-27,0,,0.0,1.0,,,,,,,,,0.424,1.597,1.718
2024-08-28,0,,0.0,1.0,,,,,,,,,0.424,1.582,1.331
2024-08-29,0,,0.0,1.0,,,,,,,,,0.424,0.5,0.949
2024-08-30,0,,0.0,1.0,,,,,,,,,0.424,-0.041,0.197
2024-09-03,0,,0.0,1.0,,,,,,,,,0.424,1.03,2.045
2024-09-04,0,,0.0,1.0,,,,,,,,,0.424,1.554,0.182
2024-09-05,0,,0.0,1.0,,,,,,,,,0.424,1.539,0.179
2024-09-06,1,NFP,0.0,3.729,,,,,,,,,0.424,0.996,0.547
2024-09-09,0,,0.0,1.0,,,,,,,,,0.424,0.989,0.171
2024-09-10,0,,0.0,1.0,,,,,,,,,0.424,0.448,-0.203
2024-09-11,1,AUCTION,0.0,1.659,,,,,,,,,0.424,-0.092,-0.576
2024-09-12,1,ECB,-0.161,5.73,,,,,-0.464,-0.545,-0.161,0.210,0.424,0.44,-0.576
2024-09-13,0,,0.0,1.0,,,,,,,,,0.424,0.434,-0.205
2024-09-16,0,,0.0,1.0,,,,,,,,,0.424,3.063,-0.206
2024-09-17,1,AUCTION,0.0,2.782,,,,,,,,,0.424,2.995,-0.578
2024-09-18,1,FOMC,-0.964,5.03,-8.58,-4.83,-2.82,-0.87,-1.736,-1.906,-0.964,0.115,0.424,0.386,-0.578
2024-09-19,1,AUCTION,0.0,5.79,,,,,,,,,0.424,-0.14,11.016
2024-09-20,0,,0.0,1.0,,,,,,,,,0.424,0.377,-0.459
2024-09-23,0,,0.0,1.0,,,,,,,,,0.424,0.372,-0.193
2024-09-24,0,,0.0,1.0,,,,,,,,,0.424,0.891,0.073
2024-09-25,0,,0.0,1.0,,,,,,,,,0.424,0.884,0.074
2024-09-26,0,,0.0,1.0,,,,,,,,,0.424,0.357,0.34
2024-09-27,0,,0.0,1.0,,,,,,,,,0.424,0.875,0.074
2024-09-30,0,,0.0,1.0,,,,,,,,,0.424,6.505,8.55
2024-10-01,0,,0.0,1.0,,,,,,,,,0.424,8.887,2.669
2024-10-02,0,,0.0,1.0,,,,,,,,,0.424,3.641,1.333
2024-10-03,0,,0.0,1.0,,,,,,,,,0.424,0.946,0.011
2024-10-04,1,NFP,0.0,2.876,,,,,,,,,0.424,0.178,-0.209
2024-10-07,0,,0.0,1.0,,,,,,,,,0.424,0.175,-0.208
2024-10-08,0,,0.0,1.0,,,,,,,,,0.424,0.554,-0.206
2024-10-09,1,AUCTION,0.0,1.722,,,,,,,,,0.424,0.167,-0.204
2024-10-10,1,AUCTION,0.0,1.659,,,,,,,,,0.424,-0.218,-0.422
2024-10-11,0,,0.0,1.0,,,,,,,,,0.424,-0.602,-0.638
2024-10-15,0,,0.0,1.0,,,,,,,,,0.424,1.307,0.68
2024-10-16,0,,0.0,1.0,,,,,,,,,0.424,1.296,0.02
2024-10-17,1,ECB,-0.229,6.926,,,,,-0.572,-0.660,-0.229,0.202,0.424,0.907,0.457
2024-10-18,0,,0.0,1.0,,,,,,,,,0.424,0.519,-0.204
2024-10-21,0,,0.0,1.0,,,,,,,,,0.424,-0.25,-0.426
2024-10-22,0,,0.0,1.0,,,,,,,,,0.424,0.129,-0.428
2024-10-23,1,AUCTION,0.0,1.706,,,,,,,,,0.424,0.125,-0.43
2024-10-24,0,,0.0,1.0,,,,,,,,,0.424,0.12,0.01
2024-10-25,0,,0.0,1.0,,,,,,,,,0.424,0.117,0.008
2024-10-28,0,,0.0,1.0,,,,,,,,,0.424,-0.271,-0.214
2024-10-29,0,,0.0,1.0,,,,,,,,,0.424,-0.272,-0.654
2024-10-30,0,,0.0,1.0,,,,,,,,,0.424,-0.653,-0.652
2024-10-31,0,,0.0,1.0,,,,,,,,,0.424,2.774,0.45
2024-11-01,1,NFP,0.0,3.546,,,,,,,,,0.424,1.242,0.009
2024-11-04,0,,0.0,1.0,,,,,,,,,0.424,-0.278,-0.429
2024-11-05,1,AUCTION,0.0,1.659,,,,,,,,,0.424,-0.278,-0.865
2024-11-06,1,AUCTION,0.0,1.659,,,,,,,,,0.424,-0.656,-0.861
2024-11-07,1,FOMC,-0.062,4.681,1.25,1.41,0.59,-0.09,-0.306,-0.375,-0.062,0.221,0.424,-0.276,-0.421
2024-11-08,0,,0.0,1.0,,,,,,,,,0.424,0.857,2.607
2024-11-12,0,,0.0,1.0,,,,,,,,,0.424,0.851,-0.206
2024-11-13,0,,0.0,1.0,,,,,,,,,0.424,0.469,-0.205
2024-11-14,0,,0.0,1.0,,,,,,,,,0.424,0.089,-0.635
2024-11-15,0,,0.0,1.0,,,,,,,,,0.424,-0.289,-0.632
2024-11-18,0,,0.0,1.0,,,,,,,,,0.424,-0.289,-0.629
2024-11-19,0,,0.0,1.0,,,,,,,,,0.424,-0.289,-0.411
2024-11-20,1,AUCTION,0.0,1.659,,,,,,,,,0.424,-0.668,-0.41
2024-11-21,1,AUCTION,0.0,1.659,,,,,,,,,0.424,-0.291,-0.41
2024-11-22,0,,0.0,1.0,,,,,,,,,0.424,-0.293,-0.41
2024-11-25,0,,0.0,1.0,,,,,,,,,0.424,0.085,0.022
2024-11-26,0,,0.0,1.0,,,,,,,,,0.424,0.083,0.022
2024-11-27,0,,0.0,1.0,,,,,,,,,0.424,-0.296,-0.408
2024-11-29,0,,0.0,1.0,,,,,,,,,0.424,0.458,0.026
2024-12-02,0,,0.0,1.0,,,,,,,,,0.424,2.321,0.032
2024-12-03,0,,0.0,1.0,,,,,,,,,0.424,2.321,0.032
2024-12-04,0,,0.0,1.0,,,,,,,,,0.424,0.451,-0.184
2024-12-05,0,,0.0,1.0,,,,,,,,,0.424,0.449,-0.397
2024-12-06,1,NFP,0.0,3.278,,,,,,,,,0.424,0.821,-0.177
2024-12-09,0,,0.0,1.0,,,,,,,,,0.424,1.927,0.04
2024-12-10,0,,0.0,1.0,,,,,,,,,0.424,2.267,0.256
2024-12-11,1,AUCTION,0.0,2.226,,,,,,,,,0.424,1.513,-0.179
2024-12-12,1,ECB,0.528,6.975,,,,,0.628,0.625,0.528,0.291,0.424,1.499,-0.179
2024-12-13,0,,0.0,1.0,,,,,,,,,0.424,0.759,-0.18
2024-12-16,0,,0.0,1.0,,,,,,,,,0.424,2.549,-0.182
2024-12-17,1,AUCTION,0.0,2.202,,,,,,,,,0.424,1.448,-0.399
2024-12-18,1,FOMC,0.042,4.611,9.08,8.88,5.94,2.74,-0.141,-0.199,0.042,0.234,0.424,-0.357,-0.398
2024-12-19,0,,0.0,1.0,,,,,,,,,0.424,-1.076,3.62
2024-12-20,0,,0.0,1.0,,,,,,,,,0.424,-1.073,-0.194
2024-12-23,0,,0.0,1.0,,,,,,,,,0.424,-0.713,0.227
2024-12-24,0,,0.0,1.0,,,,,,,,,0.424,2.485,1.486
2024-12-26,0,,0.0,1.0,,,,,,,,,0.424,6.465,3.302
2024-12-27,0,,0.0,1.0,,,,,,,,,0.424,4.072,3.23
2024-12-30,0,,0.0,1.0,,,,,,,,,0.424,1.24,1.425
2024-12-31,0,,0.0,1.0,,,,,,,,,0.424,4.823,3.101
2025-01-02,0,,0.0,1.0,,,,,,,,,0.424,2.086,1.03
2025-01-03,1,NFP,0.0,2.892,,,,,,,,,0.424,-0.646,0.204
2025-01-06,0,,0.0,1.0,,,,,,,,,0.424,-1.851,-0.621
2025-01-07,1,AUCTION,0.0,1.659,,,,,,,,,0.424,-1.835,-0.414
2025-01-08,1,AUCTION,0.0,1.659,,,,,,,,,0.424,-1.226,-0.208
2025-01-09,0,,0.0,1.0,,,,,,,,,0.424,-0.922,-0.209
2025-01-10,0,,0.0,1.0,,,,,,,,,0.424,-0.92,-0.003
2025-01-13,0,,0.0,1.0,,,,,,,,,0.424,-1.216,-0.211
2025-01-14,0,,0.0,1.0,,,,,,,,,0.424,-1.507,-0.419
2025-01-15,0,,0.0,1.0,,,,,,,,,0.424,-1.496,-0.418
2025-01-16,0,,0.0,1.0,,,,,,,,,0.424,-1.191,-0.417
2025-01-17,0,,0.0,1.0,,,,,,,,,0.424,-1.186,-0.417
2025-01-21,0,,0.0,1.0,,,,,,,,,0.424,-1.181,-0.42
2025-01-22,1,AUCTION,0.0,1.659,,,,,,,,,0.424,-0.884,-0.215
2025-01-23,1,AUCTION,0.0,2.031,,,,,,,,,0.424,0.588,0.404
2025-01-24,0,,0.0,1.0,,,,,,,,,0.424,0.29,-0.014
2025-01-27,0,,0.0,1.0,,,,,,,,,0.424,0.287,-0.014
2025-01-28,0,,0.0,1.0,,,,,,,,,0.424,0.579,0.192
2025-01-29,1,FOMC,1.152,4.926,2.90,3.00,2.50,1.30,1.617,1.682,1.152,0.364,0.424,0.574,-0.225
2025-01-30,1,ECB,1.085,6.275,,,,,1.512,1.570,1.085,0.357,0.424,0.863,0.189
2025-01-31,0,,0.0,1.0,,,,,,,,,0.424,1.441,-0.434
2025-02-03,0,,0.0,1.0,,,,,,,,,0.424,0.555,-0.225
2025-02-04,0,,0.0,1.0,,,,,,,,,0.424,-0.034,-0.43
2025-02-05,0,,0.0,1.0,,,,,,,,,0.424,-0.036,-0.429
2025-02-06,0,,0.0,1.0,,,,,,,,,0.424,0.84,-0.222
2025-02-07,1,NFP,0.0,3.103,,,,,,,,,0.424,0.541,-0.016
2025-02-10,0,,0.0,1.0,,,,,,,,,0.424,0.536,-0.225
2025-02-11,0,,0.0,1.0,,,,,,,,,0.424,0.239,-0.226
2025-02-12,1,AUCTION,0.0,1.659,,,,,,,,,0.424,-0.351,-0.227
2025-02-13,1,AUCTION,0.0,1.659,,,,,,,,,0.424,-0.059,-0.229
2025-02-14,0,,0.0,1.0,,,,,,,,,0.424,-0.063,-0.23
2025-02-18,0,,0.0,1.0,,,,,,,,,0.424,1.11,-0.233
2025-02-19,1,AUCTION,0.0,1.852,,,,,,,,,0.424,0.515,-0.028
2025-02-20,1,AUCTION,0.0,1.659,,,,,,,,,0.424,-0.079,-0.448
2025-02-21,0,,0.0,1.0,,,,,,,,,0.424,0.212,-0.659
2025-02-24,0,,0.0,1.0,,,,,,,,,0.424,0.208,-0.45
2025-02-25,0,,0.0,1.0,,,,,,,,,0.424,-0.092,-0.452
2025-02-26,0,,0.0,1.0,,,,,,,,,0.424,-0.094,-0.451
2025-02-27,0,,0.0,1.0,,,,,,,,,0.424,0.792,-0.451
2025-02-28,0,,0.0,1.0,,,,,,,,,0.424,1.666,-0.244
2025-03-03,0,,0.0,1.0,,,,,,,,,0.424,-0.11,-0.454
2025-03-04,0,,0.0,1.0,,,,,,,,,0.424,-0.113,-0.035
2025-03-05,0,,0.0,1.0,,,,,,,,,0.424,0.18,-0.457
2025-03-06,1,ECB,-0.978,5.731,,,,,-1.759,-1.930,-0.978,0.113,0.424,0.472,-0.248
2025-03-07,1,NFP,0.0,2.872,,,,,,,,,0.424,0.172,-0.251
2025-03-10,0,,0.0,1.0,,,,,,,,,0.424,-0.127,-0.464
2025-03-11,0,,0.0,1.0,,,,,,,,,0.424,-0.426,-0.465
2025-03-12,1,AUCTION,0.0,1.659,,,,,,,,,0.424,-0.724,-0.465
2025-03-13,1,AUCTION,0.0,1.659,,,,,,,,,0.424,-1.019,-0.675
2025-03-14,0,,0.0,1.0,,,,,,,,,0.424,-1.017,-0.464
2025-03-17,0,,0.0,1.0,,,,,,,,,0.424,-0.424,0.166
2025-03-18,1,AUCTION,0.0,1.659,,,,,,,,,0.424,-0.721,-0.467
2025-03-19,1,FOMC,-0.627,4.491,-5.10,-4.70,-3.55,-2.00,-1.202,-1.334,-0.627,0.155,0.424,-1.31,-0.468
2025-03-20,1,AUCTION,0.0,1.659,,,,,,,,,0.424,-1.304,-0.68
2025-03-21,0,,0.0,1.0,,,,,,,,,0.424,-1.007,-0.471
2025-03-24,0,,0.0,1.0,,,,,,,,,0.424,-0.711,-0.472
2025-03-25,0,,0.0,1.0,,,,,,,,,0.424,-0.123,-0.471
2025-03-26,0,,0.0,1.0,,,,,,,,,0.424,0.464,0.164
2025-03-27,0,,0.0,1.0,,,,,,,,,0.424,0.754,-0.257
2025-03-28,0,,0.0,1.0,,,,,,,,,0.424,0.162,-0.253
2025-03-31,0,,0.0,1.0,,,,,,,,,0.424,2.201,1.014
2025-04-01,0,,0.0,1.0,,,,,,,,,0.424,1.603,-0.672
2025-04-02,0,,0.0,1.0,,,,,,,,,0.424,1.015,-0.666
2025-04-03,0,,0.0,1.0,,,,,,,,,0.424,1.581,-0.03
2025-04-04,1,NFP,0.0,3.027,,,,,,,,,0.424,0.42,-0.454
2025-04-07,0,,0.0,1.0,,,,,,,,,0.424,-0.16,0.181
2025-04-08,0,,0.0,1.0,,,,,,,,,0.424,1.845,-0.032
2025-04-09,1,AUCTION,0.0,2.935,,,,,,,,,0.424,2.383,1.02
2025-04-10,1,AUCTION,0.0,2.08,,,,,,,,,0.424,0.952,0.17
2025-04-11,0,,0.0,1.0,,,,,,,,,0.424,-0.189,-0.044
2025-04-14,0,,0.0,1.0,,,,,,,,,0.424,-0.192,-0.046
2025-04-15,0,,0.0,1.0,,,,,,,,,0.424,0.659,0.165
2025-04-16,1,AUCTION,0.0,1.659,,,,,,,,,0.424,-0.766,-0.259
2025-04-17,1,ECB,-0.568,5.285,,,,,-1.109,-1.234,-0.568,0.162,0.424,-0.483,-0.261
2025-04-21,0,,0.0,1.0,,,,,,,,,0.424,-0.486,-0.262
2025-04-22,0,,0.0,1.0,,,,,,,,,0.424,-1.055,-0.265
2025-04-23,0,,0.0,1.0,,,,,,,,,0.424,-1.616,-0.48
2025-04-24,0,,0.0,1.0,,,,,,,,,0.424,-1.326,-0.481
2025-04-25,0,,0.0,1.0,,,,,,,,,0.424,-0.194,-0.056
2025-04-28,0,,0.0,1.0,,,,,,,,,0.424,0.652,0.156
2025-04-29,0,,0.0,1.0,,,,,,,,,0.424,0.647,0.367
2025-04-30,0,,0.0,1.0,,,,,,,,,0.424,2.041,-0.059
2025-05-01,0,,0.0,1.0,,,,,,,,,0.424,1.465,-0.48
2025-05-02,1,NFP,0.0,3.152,,,,,,,,,0.424,0.619,-0.265
2025-05-05,0,,0.0,1.0,,,,,,,,,0.424,-0.225,-0.478
2025-05-06,1,AUCTION,0.0,1.659,,,,,,,,,0.424,-0.507,-0.265
2025-05-07,1,FOMC,0.657,4.599,-3.10,-2.40,-1.60,-1.30,0.832,0.842,0.657,0.306,0.424,-1.066,-0.266
2025-05-08,1,AUCTION,0.0,1.659,,,,,,,,,0.424,-1.342,-0.267
2025-05-09,0,,0.0,1.0,,,,,,,,,0.424,-1.612,-0.269
2025-05-12,0,,0.0,1.0,,,,,,,,,0.424,-1.602,-0.271
2025-05-13,0,,0.0,1.0,,,,,,,,,0.424,-1.044,-0.06
2025-05-14,0,,0.0,1.0,,,,,,,,,0.424,-1.316,-0.277
2025-05-15,0,,0.0,1.0,,,,,,,,,0.424,-0.763,-0.066
2025-05-16,0,,0.0,1.0,,,,,,,,,0.424,-1.037,-0.284
2025-05-19,0,,0.0,1.0,,,,,,,,,0.424,-1.309,-0.498
2025-05-20,0,,0.0,1.0,,,,,,,,,0.424,-1.845,-0.499
2025-05-21,1,AUCTION,0.0,1.659,,,,,,,,,0.424,-2.098,-0.714
2025-05-22,1,AUCTION,0.0,1.659,,,,,,,,,0.424,-2.076,-0.714
2025-05-23,0,,0.0,1.0,,,,,,,,,0.424,-2.055,-0.5
2025-05-27,0,,0.0,1.0,,,,,,,,,0.424,-0.715,-0.287
2025-05-28,0,,0.0,1.0,,,,,,,,,0.424,-0.18,-0.073
2025-05-29,0,,0.0,1.0,,,,,,,,,0.424,-0.181,-0.288
2025-05-30,0,,0.0,1.0,,,,,,,,,0.424,0.353,-0.072
2025-06-02,0,,0.0,1.0,,,,,,,,,0.424,0.351,-0.714
2025-06-03,0,,0.0,1.0,,,,,,,,,0.424,-0.451,-0.709
2025-06-04,0,,0.0,1.0,,,,,,,,,0.424,-1.509,-0.493
2025-06-05,1,ECB,0.355,5.042,,,,,0.354,0.331,0.355,0.271,0.424,-1.235,-0.705
2025-06-06,1,NFP,0.0,2.765,,,,,,,,,0.424,-1.227,-0.489
2025-06-09,0,,0.0,1.0,,,,,,,,,0.424,-1.219,-0.487
2025-06-10,0,,0.0,1.0,,,,,,,,,0.424,-1.472,-0.485
2025-06-11,1,AUCTION,0.0,1.659,,,,,,,,,0.424,-1.462,-0.484
2025-06-12,1,AUCTION,0.0,1.659,,,,,,,,,0.424,-1.452,-0.269
2025-06-13,0,,0.0,1.0,,,,,,,,,0.424,-1.444,-0.269
2025-06-16,1,AUCTION,0.0,1.659,,,,,,,,,0.424,-0.403,-0.483
2025-06-17,0,,0.0,1.0,,,,,,,,,0.424,-0.664,-0.695
2025-06-18,1,FOMC,0.208,4.375,-2.40,-0.70,0.20,1.20,0.121,0.081,0.208,0.253,0.424,-1.434,-0.477
2025-06-20,0,,0.0,1.0,,,,,,,,,0.424,-1.168,-0.687
2025-06-23,0,,0.0,1.0,,,,,,,,,0.424,-1.162,-0.472
2025-06-24,0,,0.0,1.0,,,,,,,,,0.424,-0.902,-0.258
2025-06-25,0,,0.0,1.0,,,,,,,,,0.424,0.641,-0.259
2025-06-26,0,,0.0,1.0,,,,,,,,,0.424,1.656,0.171
2025-06-27,0,,0.0,1.0,,,,,,,,,0.424,1.389,-0.04
2025-06-30,0,,0.0,1.0,,,,,,,,,0.424,2.863,1.876
2025-07-01,0,,0.0,1.0,,,,,,,,,0.424,2.566,-0.254
2025-07-02,0,,0.0,1.0,,,,,,,,,0.424,1.574,-0.254
2025-07-03,0,,0.0,1.0,,,,,,,,,0.424,0.334,-0.462
2025-07-07,0,,0.0,1.0,,,,,,,,,0.424,-0.162,-0.459
2025-07-08,0,,0.0,1.0,,,,,,,,,0.424,0.084,-0.244
2025-07-09,1,AUCTION,0.0,1.659,,,,,,,,,0.424,-0.412,-0.243
2025-07-10,1,AUCTION,0.0,1.659,,,,,,,,,0.424,-0.656,-0.453
2025-07-11,0,,0.0,1.0,,,,,,,,,0.424,-0.653,-0.237
2025-07-14,0,,0.0,1.0,,,,,,,,,0.424,-0.156,-0.237
2025-07-15,0,,0.0,1.0,,,,,,,,,0.424,0.83,-0.023
2025-07-16,0,,0.0,1.0,,,,,,,,,0.424,0.088,-0.233
2025-07-17,0,,0.0,1.0,,,,,,,,,0.424,0.089,-0.443
2025-07-18,0,,0.0,1.0,,,,,,,,,0.424,-0.894,-0.439
2025-07-21,0,,0.0,1.0,,,,,,,,,0.424,-1.377,-0.649
2025-07-22,0,,0.0,1.0,,,,,,,,,0.424,-1.366,-0.646
2025-07-23,1,AUCTION,0.0,1.659,,,,,,,,,0.424,-1.356,-0.643
2025-07-24,1,ECB,-0.103,4.987,,,,,-0.372,-0.446,-0.103,0.216,0.424,-0.862,-0.427
2025-07-25,0,,0.0,1.0,,,,,,,,,0.424,0.598,0.001
2025-07-28,0,,0.0,1.0,,,,,,,,,0.424,0.597,0.003
2025-07-29,0,,0.0,1.0,,,,,,,,,0.424,0.596,-0.206
2025-07-30,1,FOMC,-1.006,4.468,-1.00,-1.00,-0.40,0.20,-1.803,-1.977,-1.006,0.110,0.424,-0.377,-0.204
2025-07-31,0,,0.0,1.0,,,,,,,,,0.424,1.316,-0.415
2025-08-01,1,NFP,0.0,2.832,,,,,,,,,0.424,0.108,-0.624
2025-08-04,0,,0.0,1.0,,,,,,,,,0.424,-0.133,-0.405
2025-08-05,0,,0.0,1.0,,,,,,,,,0.424,0.111,-0.402
2025-08-06,1,AUCTION,0.0,1.7,,,,,,,,,0.424,0.109,-0.401
2025-08-07,1,AUCTION,0.0,1.79,,,,,,,,,0.424,0.35,-0.4
2025-08-08,0,,0.0,1.0,,,,,,,,,0.424,0.348,-0.611
2025-08-11,0,,0.0,1.0,,,,,,,,,0.424,0.105,-0.181
2025-08-12,0,,0.0,1.0,,,,,,,,,0.424,0.589,-0.179
2025-08-13,0,,0.0,1.0,,,,,,,,,0.424,-0.139,-0.177
2025-08-14,0,,0.0,1.0,,,,,,,,,0.424,0.104,-0.387
2025-08-15,0,,0.0,1.0,,,,,,,,,0.424,0.587,-0.172
2025-08-18,0,,0.0,1.0,,,,,,,,,0.424,0.102,-0.172
2025-08-19,0,,0.0,1.0,,,,,,,,,0.424,-0.142,-0.385
2025-08-20,1,AUCTION,0.0,1.659,,,,,,,,,0.424,-0.626,-0.384
2025-08-21,1,AUCTION,0.0,1.659,,,,,,,,,0.424,-0.384,-0.169
2025-08-22,1,FOMC,-0.034,3.9,,,,,-0.262,-0.328,-0.034,0.225,0.424,0.583,-0.17
2025-08-25,0,,0.0,1.0,,,,,,,,,0.424,0.819,-0.17
2025-08-26,0,,0.0,1.0,,,,,,,,,0.424,1.055,0.044
2025-08-27,0,,0.0,1.0,,,,,,,,,0.424,0.568,0.043
2025-08-28,0,,0.0,1.0,,,,,,,,,0.424,0.085,-0.167
2025-08-29,0,,0.0,1.0,,,,,,,,,0.424,0.086,-0.164
2025-09-02,0,,0.0,1.0,,,,,,,,,0.424,1.287,0.052
2025-09-03,0,,0.0,1.0,,,,,,,,,0.424,1.276,-0.375
2025-09-04,0,,0.0,1.0,,,,,,,,,0.424,1.74,-0.37
2025-09-05,1,NFP,0.0,3.988,,,,,,,,,0.424,1.958,-0.154
2025-09-08,0,,0.0,1.0,,,,,,,,,0.424,1.472,-0.153
2025-09-09,0,,0.0,1.0,,,,,,,,,0.424,1.46,-0.366
2025-09-10,1,AUCTION,0.0,2.115,,,,,,,,,0.424,1.216,-0.364
2025-09-11,1,ECB,0.394,6.578,,,,,0.416,0.398,0.394,0.275,0.424,1.669,-0.363
2025-09-12,0,,0.0,1.0,,,,,,,,,0.424,1.88,0.065
2025-09-15,0,,0.0,1.0,,,,,,,,,0.424,3.83,1.345
2025-09-16,1,AUCTION,0.0,2.182,,,,,,,,,0.424,1.125,0.271
2025-09-17,1,FOMC,-0.875,5.767,-5.55,-5.60,-4.60,-3.60,-1.596,-1.755,-0.875,0.125,0.424,0.901,-0.585
2025-09-18,1,AUCTION,0.0,3.201,,,,,,,,,0.424,1.123,2.99
2025-09-19,0,,0.0,1.0,,,,,,,,,0.424,1.115,-0.377
2025-09-22,0,,0.0,1.0,,,,,,,,,0.424,0.885,-0.408
2025-09-23,0,,0.0,1.0,,,,,,,,,0.424,0.436,-0.659
2025-09-24,0,,0.0,1.0,,,,,,,,,0.424,0.655,-0.155
2025-09-25,0,,0.0,1.0,,,,,,,,,0.424,1.752,-0.154
2025-09-26,0,,0.0,1.0,,,,,,,,,0.424,1.299,-0.153
2025-09-29,0,,0.0,1.0,,,,,,,,,0.424,0.632,0.1
2025-09-30,0,,0.0,1.0,,,,,,,,,0.424,2.992,0.851
2025-10-01,0,,0.0,1.0,,,,,,,,,0.424,2.136,-0.463
2025-10-02,0,,0.0,1.0,,,,,,,,,0.424,2.218,-0.787
2025-10-03,1,NFP,0.0,3.87,,,,,,,,,0.424,1.768,-0.452
2025-10-06,0,,0.0,1.0,,,,,,,,,0.424,1.087,-0.45
2025-10-07,0,,0.0,1.0,,,,,,,,,0.424,0.857,-0.448
2025-10-08,1,AUCTION,0.0,1.727,,,,,,,,,0.424,0.183,-0.776
2025-10-09,1,AUCTION,0.0,1.811,,,,,,,,,0.424,0.405,-0.772
2025-10-10,0,,0.0,1.0,,,,,,,,,0.424,0.848,-0.769
2025-10-14,0,,0.0,1.0,,,,,,,,,0.424,1.724,0.219
2025-10-15,0,,0.0,1.0,,,,,,,,,0.424,3.817,-0.114
2025-10-16,0,,0.0,1.0,,,,,,,,,0.424,3.698,0.222
2025-10-17,0,,0.0,1.0,,,,,,,,,0.424,1.17,0.552
2025-10-20,0,,0.0,1.0,,,,,,,,,0.424,0.748,-0.108
2025-10-21,0,,0.0,1.0,,,,,,,,,0.424,2.183,-0.108
2025-10-22,1,AUCTION,0.0,2.315,,,,,,,,,0.424,1.749,-0.77
2025-10-23,0,,0.0,1.0,,,,,,,,,0.424,2.331,-0.438
2025-10-24,0,,0.0,1.0,,,,,,,,,0.424,2.296,-0.438
2025-10-27,0,,0.0,1.0,,,,,,,,,0.424,2.65,-0.435
2025-10-28,0,,0.0,1.0,,,,,,,,,0.424,3.353,0.228
2025-10-29,1,FOMC,-0.015,7.691,0.70,0.50,0.80,0.95,-0.232,-0.296,-0.015,0.227,0.424,2.531,-0.434
2025-10-30,1,ECB,-0.261,12.491,,,,,-0.623,-0.714,-0.261,0.198,0.424,2.855,4.052
2025-10-31,0,,0.0,1.0,,,,,,,,,0.424,5.947,0.838
2025-11-03,0,,0.0,1.0,,,,,,,,,0.424,4.048,-0.121
2025-11-04,0,,0.0,1.0,,,,,,,,,0.424,1.825,1.157
2025-11-05,0,,0.0,1.0,,,,,,,,,0.424,0.307,-0.126
2025-11-06,0,,0.0,1.0,,,,,,,,,0.424,0.471,-0.449
2025-11-07,1,NFP,0.0,3.161,,,,,,,,,0.424,0.634,-0.773
2025-11-10,0,,0.0,1.0,,,,,,,,,0.424,0.964,-0.131
2025-11-12,1,AUCTION,0.0,2.205,,,,,,,,,0.424,1.457,-0.45
2025-11-13,1,AUCTION,0.0,2.262,,,,,,,,,0.424,1.609,-0.117
2025-11-14,0,,0.0,1.0,,,,,,,,,0.424,0.771,-0.117
2025-11-17,0,,0.0,1.0,,,,,,,,,0.424,1.588,-0.782
2025-11-18,0,,0.0,1.0,,,,,,,,,0.424,0.589,-0.451
2025-11-19,1,AUCTION,0.0,1.692,,,,,,,,,0.424,0.089,-1.114
2025-11-20,1,AUCTION,0.0,1.691,,,,,,,,,0.424,0.086,-0.449
2025-11-21,0,,0.0,1.0,,,,,,,,,0.424,0.414,-0.78
2025-11-24,0,,0.0,1.0,,,,,,,,,0.424,0.905,-0.448
2025-11-25,0,,0.0,1.0,,,,,,,,,0.424,1.716,-0.778
2025-11-26,0,,0.0,1.0,,,,,,,,,0.424,2.34,-0.113
2025-11-28,0,,0.0,1.0,,,,,,,,,0.424,3.235,0.219
2025-12-01,0,,0.0,1.0,,,,,,,,,0.424,3.157,-0.445
2025-12-02,0,,0.0,1.0,,,,,,,,,0.424,1.42,0.219
2025-12-03,0,,0.0,1.0,,,,,,,,,0.424,0.484,-1.101
2025-12-04,0,,0.0,1.0,,,,,,,,,0.424,0.017,-0.436
2025-12-05,1,NFP,0.0,2.872,,,,,,,,,0.424,0.172,-0.434
2025-12-08,0,,0.0,1.0,,,,,,,,,0.424,0.481,-0.105
2025-12-09,1,AUCTION,0.0,1.722,,,,,,,,,0.424,0.167,-0.434
2025-12-10,1,FOMC,0.4,4.719,-2.20,-1.40,-0.20,1.20,0.426,0.408,0.400,0.276,0.424,-0.299,-0.76
2025-12-11,1,AUCTION,0.0,3.287,,,,,,,,,0.424,-0.14,4.341
2025-12-12,0,,0.0,1.0,,,,,,,,,0.424,0.017,-0.427
2025-12-15,0,,0.0,1.0,,,,,,,,,0.424,1.258,-0.109
2025-12-16,0,,0.0,1.0,,,,,,,,,0.424,0.322,-0.742
2025-12-17,1,AUCTION,0.0,1.78,,,,,,,,,0.424,0.323,-0.423
2025-12-18,1,ECB,0.778,4.854,,,,,1.025,1.049,0.778,0.320,0.424,-0.143,-0.738
2025-12-19,0,,0.0,1.0,,,,,,,,,0.424,-0.145,-0.421
2025-12-22,0,,0.0,1.0,,,,,,,,,0.424,0.163,-0.087
2025-12-23,0,,0.0,1.0,,,,,,,,,0.424,-0.153,-0.425
2025-12-24,0,,0.0,1.0,,,,,,,,,0.424,-0.155,-0.421
2025-12-26,0,,0.0,1.0,,,,,,,,,0.424,1.403,0.271
2025-12-29,0,,0.0,1.0,,,,,,,,,0.424,1.578,0.683
2025-12-30,0,,0.0,1.0,,,,,,,,,0.424,0.639,0.767
2025-12-31,0,,0.0,1.0,,,,,,,,,0.424,3.098,1.198
2026-01-02,1,NFP,0.0,4.1,,,,,,,,,0.424,1.245,0.891
2026-01-05,0,,0.0,1.0,,,,,,,,,0.424,0.466,-0.45
2026-01-06,0,,0.0,1.0,,,,,,,,,0.424,-0.161,-0.898
2026-01-07,0,,0.0,1.0,,,,,,,,,0.424,-0.322,-0.445
2026-01-08,0,,0.0,1.0,,,,,,,,,0.424,-0.485,-0.445
2026-01-09,0,,0.0,1.0,,,,,,,,,0.424,-0.488,-0.443
2026-01-12,1,AUCTION,0.0,1.664,,,,,,,,,0.424,-0.491,0.013
2026-01-13,1,AUCTION,0.0,1.659,,,,,,,,,0.424,-0.336,-0.439
2026-01-14,0,,0.0,1.0,,,,,,,,,0.424,-0.498,-0.437
2026-01-15,0,,0.0,1.0,,,,,,,,,0.424,-0.186,-0.89
2026-01-16,0,,0.0,1.0,,,,,,,,,0.424,-0.35,-0.887
2026-01-20,0,,0.0,1.0,,,,,,,,,0.424,-0.513,-0.884
2026-01-21,1,AUCTION,0.0,1.659,,,,,,,,,0.424,-0.676,-0.43
2026-01-22,1,AUCTION,0.0,1.659,,,,,,,,,0.424,-0.519,-0.43
2026-01-23,0,,0.0,1.0,,,,,,,,,0.424,-0.362,0.024
2026-01-26,0,,0.0,1.0,,,,,,,,,0.424,-0.201,0.483
2026-01-27,0,,0.0,1.0,,,,,,,,,0.424,-0.202,0.029
2026-01-28,1,FOMC,0.72,4.707,0.15,0.30,0.30,0.40,0.932,0.950,0.720,0.314,0.424,-0.523,0.031
2026-01-29,0,,0.0,1.0,,,,,,,,,0.424,-0.361,-0.42
2026-01-30,0,,0.0,1.0,,,,,,,,,0.424,0.12,0.037
2026-02-02,0,,0.0,1.0,,,,,,,,,0.424,0.279,-0.415
2026-02-03,0,,0.0,1.0,,,,,,,,,0.424,0.279,-0.415
2026-02-04,0,,0.0,1.0,,,,,,,,,0.424,-0.363,-0.413
2026-02-05,1,ECB,-0.435,4.977,,,,,-0.898,-1.009,-0.435,0.177,0.424,-0.364,-0.413
2026-02-06,1,NFP,0.0,2.765,,,,,,,,,0.424,-0.525,-0.867
2026-02-09,0,,0.0,1.0,,,,,,,,,0.424,-0.682,-0.409
2026-02-10,0,,0.0,1.0,,,,,,,,,0.424,-0.36,-0.859
2026-02-11,1,AUCTION,0.0,1.659,,,,,,,,,0.424,-0.36,-0.854
2026-02-12,1,AUCTION,0.0,1.68,,,,,,,,,0.424,-0.36,0.056
2026-02-13,0,,0.0,1.0,,,,,,,,,0.424,-0.201,-0.397
2026-02-17,0,,0.0,1.0,,,,,,,,,0.424,0.597,3.588
2026-02-18,1,AUCTION,0.0,2.347,,,,,,,,,0.424,0.912,0.924
2026-02-19,1,AUCTION,0.0,1.659,,,,,,,,,0.424,-0.05,-0.402
2026-02-20,0,,0.0,1.0,,,,,,,,,0.424,-0.21,-0.398
2026-02-23,0,,0.0,1.0,,,,,,,,,0.424,-0.212,-0.398
2026-02-24,0,,0.0,1.0,,,,,,,,,0.424,-0.053,-0.4
2026-02-25,0,,0.0,1.0,,,,,,,,,0.424,-0.054,-0.4
2026-02-26,0,,0.0,1.0,,,,,,,,,0.424,-0.056,-0.4
2026-02-27,0,,0.0,1.0,,,,,,,,,0.424,0.102,0.041
2026-03-02,0,,0.0,1.0,,,,,,,,,0.424,0.582,0.48
2026-03-03,0,,0.0,1.0,,,,,,,,,0.424,0.421,-0.844
2026-03-04,0,,0.0,1.0,,,,,,,,,0.424,-0.063,-0.402
2026-03-05,0,,0.0,1.0,,,,,,,,,0.424,-0.225,-0.838
2026-03-06,1,NFP,0.0,2.765,,,,,,,,,0.424,-0.386,-0.835
2026-03-09,0,,0.0,1.0,,,,,,,,,0.424,-0.385,-0.392
2026-03-10,0,,0.0,1.0,,,,,,,,,0.424,-0.545,-0.828
2026-03-11,1,AUCTION,0.0,1.659,,,,,,,,,0.424,-0.545,-0.388
2026-03-12,1,AUCTION,0.0,1.659,,,,,,,,,0.424,-0.386,-0.388
2026-03-13,0,,0.0,1.0,,,,,,,,,0.424,-0.389,-0.388
2026-03-16,0,,0.0,1.0,,,,,,,,,0.424,0.412,-0.39
2026-03-17,1,AUCTION,0.0,1.659,,,,,,,,,0.424,-0.398,-0.828
2026-03-18,1,FOMC,0.079,4.574,-0.90,-0.90,-0.80,-0.30,-0.084,-0.137,0.079,0.238,0.424,-0.882,-0.383
2026-03-19,1,ECB,0.977,4.986,,,,,1.340,1.387,0.977,0.344,0.424,-0.882,-0.383
2026-03-20,0,,0.0,1.0,,,,,,,,,0.424,-0.885,-0.822
2026-03-23,0,,0.0,1.0,,,,,,,,,0.424,-0.887,-0.383
2026-03-24,0,,0.0,1.0,,,,,,,,,0.424,-0.727,-0.383
2026-03-25,0,,0.0,1.0,,,,,,,,,0.424,-0.567,0.057
2026-03-26,0,,0.0,1.0,,,,,,,,,0.424,-0.405,0.055
2026-03-27,0,,0.0,1.0,,,,,,,,,0.424,-0.728,0.058
2026-03-30,0,,0.0,1.0,,,,,,,,,0.424,-0.724,0.058
2026-03-31,0,,0.0,1.0,,,,,,,,,0.424,0.084,0.058
2026-04-01,0,,0.0,1.0,,,,,,,,,0.424,-0.398,0.07
2026-04-02,0,,0.0,1.0,,,,,,,,,0.424,-0.233,-0.381
2026-04-03,1,NFP,0.0,2.765,,,,,,,,,0.424,-0.232,-0.383
2026-04-06,0,,0.0,1.0,,,,,,,,,0.424,-0.391,-0.38
2026-04-07,0,,0.0,1.0,,,,,,,,,0.424,-0.874,-0.38
2026-04-08,1,AUCTION,0.0,1.687,,,,,,,,,0.424,-1.353,0.074
2026-04-09,1,AUCTION,0.0,2.191,,,,,,,,,0.424,-1.659,1.418
2026-04-10,0,,0.0,1.0,,,,,,,,,0.424,-1.007,0.537
2026-04-13,0,,0.0,1.0,,,,,,,,,0.424,-0.682,-0.371
2026-04-14,0,,0.0,1.0,,,,,,,,,0.424,-0.202,-0.368
2026-04-15,0,,0.0,1.0,,,,,,,,,0.424,0.757,0.091
2026-04-16,0,,0.0,1.0,,,,,,,,,0.424,-0.046,-0.817
2026-04-17,0,,0.0,1.0,,,,,,,,,0.424,-0.37,-0.812
2026-04-20,0,,0.0,1.0,,,,,,,,,0.424,-0.691,-0.807
2026-04-21,0,,0.0,1.0,,,,,,,,,0.424,-0.691,-0.349
2026-04-22,1,AUCTION,0.0,1.659,,,,,,,,,0.424,-0.533,-0.347
2026-04-23,0,,0.0,1.0,,,,,,,,,0.424,-0.377,-0.347
2026-04-24,0,,0.0,1.0,,,,,,,,,0.424,-0.22,0.108
2026-04-27,0,,0.0,1.0,,,,,,,,,0.424,-0.222,0.11
2026-04-28,0,,0.0,1.0,,,,,,,,,0.424,-0.544,-0.342
2026-04-29,1,FOMC,0.361,4.434,2.10,1.70,1.20,0.40,0.364,0.341,0.361,0.271,0.424,-0.702,-0.336
2026-04-30,1,ECB,0.074,5.167,,,,,-0.091,-0.145,0.074,0.237,0.424,-0.213,-0.333
2026-05-01,0,,0.0,1.0,,,,,,,,,0.424,-0.533,-0.333
2026-05-04,0,,0.0,1.0,,,,,,,,,0.424,-0.692,-0.788
2026-05-05,0,,0.0,1.0,,,,,,,,,0.424,-0.851,-0.329
2026-05-06,0,,0.0,1.0,,,,,,,,,0.424,-1.011,0.13
2026-05-07,0,,0.0,1.0,,,,,,,,,0.424,-1.011,-0.327
2026-05-08,1,NFP,0.0,2.765,,,,,,,,,0.424,-1.012,-0.781
2026-05-11,0,,0.0,1.0,,,,,,,,,0.424,-1.015,-0.777
2026-05-12,1,AUCTION,0.0,1.659,,,,,,,,,0.424,-1.018,-0.317
2026-05-13,1,AUCTION,0.0,1.659,,,,,,,,,0.424,-1.178,-0.313
2026-05-14,0,,0.0,1.0,,,,,,,,,0.424,-1.658,0.601
2026-05-15,0,,0.0,1.0,,,,,,,,,0.424,-1.806,0.145
2026-05-18,0,,0.0,1.0,,,,,,,,,0.424,-2.108,-0.312
2026-05-19,0,,0.0,1.0,,,,,,,,,0.424,-2.246,-0.767
2026-05-20,1,AUCTION,0.0,1.659,,,,,,,,,0.424,-2.383,-1.668
2026-05-21,1,AUCTION,0.0,1.885,,,,,,,,,0.424,-2.213,0.603
2026-05-22,0,,0.0,1.0,,,,,,,,,0.424,-1.587,0.144
2026-05-26,0,,0.0,1.0,,,,,,,,,0.424,-0.342,-0.312
2026-05-27,0,,0.0,1.0,,,,,,,,,0.424,-0.344,0.144
2026-05-28,0,,0.0,1.0,,,,,,,,,0.424,-0.502,0.146
2026-05-29,0,,0.0,1.0,,,,,,,,,0.424,-0.345,-0.308
2026-06-01,0,,0.0,1.0,,,,,,,,,0.424,-0.031,-0.305
2026-06-02,0,,0.0,1.0,,,,,,,,,0.424,-0.345,-0.761
2026-06-03,0,,0.0,1.0,,,,,,,,,0.424,-0.66,-0.307
2026-06-04,0,,0.0,1.0,,,,,,,,,0.424,-0.507,-0.761
2026-06-05,1,NFP,0.0,2.765,,,,,,,,,0.424,-0.353,-0.761
2026-06-08,0,,0.0,1.0,,,,,,,,,0.424,-0.357,-0.759
2026-06-09,0,,0.0,1.0,,,,,,,,,0.424,-0.835,-0.303
2026-06-10,1,AUCTION,0.0,1.659,,,,,,,,,0.424,-0.997,-0.756
2026-06-11,1,ECB,-0.061,5.29,,,,,-0.305,-0.374,-0.061,0.221,0.424,-0.841,0.153
2026-06-12,0,,0.0,1.0,,,,,,,,,0.424,-0.05,-0.301
2026-06-15,0,,0.0,1.0,,,,,,,,,0.424,0.424,-0.299
2026-06-16,1,AUCTION,0.0,1.659,,,,,,,,,0.424,-0.539,-0.299
2026-06-17,1,FOMC,1.853,4.617,7.10,4.65,2.40,0.30,2.728,2.871,1.853,0.447,0.424,-0.541,-0.754
2026-06-18,0,,0.0,1.0,,,,,,,,,0.424,-0.706,-0.752
2026-06-22,0,,0.0,1.0,,,,,,,,,0.424,-0.87,-0.752
2026-06-23,0,,0.0,1.0,,,,,,,,,0.424,-0.712,-0.749
2026-06-24,0,,0.0,1.0,,,,,,,,,0.424,-0.714,-0.293
2026-06-25,0,,0.0,1.0,,,,,,,,,0.424,-0.389,0.162
2026-06-26,0,,0.0,1.0,,,,,,,,,0.424,-0.707,-0.741
2026-06-29,0,,0.0,1.0,,,,,,,,,0.424,-0.702,-0.282
2026-06-30,0,,0.0,1.0,,,,,,,,,0.424,0.273,1.148
2026-07-01,0,,0.0,1.0,,,,,,,,,0.424,-0.046,-1.223
2026-07-02,0,,0.0,1.0,,,,,,,,,0.424,-0.368,-0.744
2026-07-06,0,,0.0,1.0,,,,,,,,,0.424,-0.529,-0.741
2026-07-07,0,,0.0,1.0,,,,,,,,,0.424,-0.691,-0.267
2026-07-08,1,AUCTION,0.0,1.659,,,,,,,,,0.424,-1.173,-0.265
2026-07-09,1,AUCTION,0.0,2.09,,,,,,,,,0.424,-1.965,1.149
2026-07-10,0,,0.0,1.0,,,,,,,,,0.424,-1.633,1.141
2026-07-13,0,,0.0,1.0,,,,,,,,,0.424,-0.831,-0.271
2026-07-14,0,,0.0,1.0,,,,,,,,,0.424,-0.51,-0.27
2026-07-15,0,,0.0,1.0,,,,,,,,,0.424,-0.347,-0.266
2026-07-16,0,,0.0,1.0,,,,,,,,,0.424,-0.666,-0.733
2026-07-17,0,,0.0,1.0,,,,,,,,,0.424,-1.141,-0.731
2026-07-20,0,,0.0,1.0,,,,,,,,,0.424,-1.456,-0.26
2026-07-21,0,,0.0,1.0,,,,,,,,,0.424,-0.821,-0.731
2026-07-22,1,AUCTION,0.0,1.659,,,,,,,,,0.424,-0.666,-0.731
2026-07-23,1,ECB,-0.233,4.993,,,,,-0.578,-0.667,-0.233,0.201,0.424,-0.35,-0.731
2026-07-24,0,,0.0,1.0,,,,,,,,,0.424,-0.353,-0.728
2026-07-27,0,,0.0,1.0,,,,,,,,,0.424,-0.352,-0.722
2026-07-28,0,,0.0,1.0,,,,,,,,,0.424,-0.19,-0.248
2026-07-29,1,FOMC,0.054,4.583,-4.50,-1.60,0.00,2.55,-0.123,-0.179,0.054,0.235,0.424,-0.189,-0.247
2026-07-30,0,,0.0,1.0,,,,,,,,,0.424,-0.191,-0.713
2026-07-31,0,,0.0,1.0,,,,,,,,,0.424,-0.028,-0.243
2026-08-03,0,,0.0,1.0,,,,,,,,,0.424,-0.19,-0.713
2026-08-04,0,,0.0,1.0,,,,,,,,,0.424,-0.031,-0.71
2026-08-05,0,,0.0,1.0,,,,,,,,,0.424,-0.354,-0.241
2026-08-06,0,,0.0,1.0,,,,,,,,,0.424,-0.193,-0.708
2026-08-07,1,NFP,0.0,2.765,,,,,,,,,0.424,-0.675,-0.238
2026-08-10,0,,0.0,1.0,,,,,,,,,0.424,-0.512,-0.708
2026-08-11,0,,0.0,1.0,,,,,,,,,0.424,-0.351,-0.237
2026-08-12,1,AUCTION,0.0,1.659,,,,,,,,,0.424,-0.67,-0.235
2026-08-13,1,AUCTION,0.0,1.659,,,,,,,,,0.424,-0.669,-0.7
2026-08-14,0,,0.0,1.0,,,,,,,,,0.424,-0.667,-0.697
2026-08-17,0,,0.0,1.0,,,,,,,,,0.424,-0.024,-0.693
2026-08-18,0,,0.0,1.0,,,,,,,,,0.424,-0.185,-1.152
2026-08-19,1,AUCTION,0.0,1.659,,,,,,,,,0.424,-0.667,-0.683
2026-08-20,1,AUCTION,0.0,1.659,,,,,,,,,0.424,-0.508,-0.681
2026-08-21,0,,0.0,1.0,,,,,,,,,0.424,-0.188,-0.676
2026-08-24,0,,0.0,1.0,,,,,,,,,0.424,-0.188,-0.672
2026-08-25,0,,0.0,1.0,,,,,,,,,0.424,-0.026,-0.668
2026-08-26,0,,0.0,1.0,,,,,,,,,0.424,-0.345,-0.662
2026-08-27,0,,0.0,1.0,,,,,,,,,0.424,-0.344,-0.657
2026-08-28,0,,0.0,1.0,,,,,,,,,0.424,-0.184,-0.653
2026-08-31,0,,0.0,1.0,,,,,,,,,0.424,0.297,-0.186
2026-09-01,0,,0.0,1.0,,,,,,,,,0.424,-0.023,-0.645
2026-09-02,0,,0.0,1.0,,,,,,,,,0.424,-0.182,-0.643
2026-09-03,0,,0.0,1.0,,,,,,,,,0.424,-0.017,-0.641
2026-09-04,1,NFP,0.0,2.765,,,,,,,,,0.424,-0.175,-0.637
2026-09-08,0,,0.0,1.0,,,,,,,,,0.424,-0.333,-0.171
2026-09-09,1,AUCTION,0.0,1.659,,,,,,,,,0.424,-0.329,-0.633
2026-09-10,1,ECB,0.689,4.975,,,,,0.883,0.897,0.689,0.310,0.424,-0.648,-0.63
2026-09-11,0,,0.0,1.0,,,,,,,,,0.424,-0.642,-1.087
2026-09-14,0,,0.0,1.0,,,,,,,,,0.424,-0.637,-0.62
2026-09-15,1,AUCTION,0.0,1.659,,,,,,,,,0.424,-0.468,-0.618
